0
1
1
2
4
1
4
2
6
2
2
3
6
9
1
10
14
12
8
2
14
20
8
2
19
7
11
21
21
3
28
20
11
33
25
32
5
2
27
3
2
25
37
18
41
13
2
7
48
20
9
43
41
29
37
17
40
38
9
15
46
59
59
59
45
31
17
46
21
22
51
23
62
70
54
11
47
64
40
23
46
52
73
13
77
33
31
32
72
64
14
75
78
77
54
40
28
47
88
20
83
100
102
86
62
96
35
91
73
57
48
24
76
65
66
74
95
95
40
59
1
35
49
95
25
79
27
99
70
5
30
115
89
76
2
95
40
64
23
89
58
105
33
111
108
116
135
129
49
93
146
37
54
14
53
95
133
45
108
26
1
85
11
119
40
162
56
161
44
126
85
153
38
64
160
147
114
141
143
31
148
136
158
171
10
81
35
8
82
121
47
42
100
87
53
36
115
61
78
51
109
134
5
181
30
79
2
88
27
41
200
74
5
40
163
20
122
133
2
153
164
213
67
176
134
217
6
216
17
116
6
126
181
49
226
107
104
108
3
219
29
219
74
32
69
5
16
197
155
14
148
100
61
161
133
217
111
194
98
230
185
211
203
192
244
234
235
160
142
36
76
235
265
144
8
271
16
30
13
85
98
180
135
111
255
104
43
110
137
230
152
165
201
265
196
179
123
167
132
134
240
228
34
169
29
279
138
6
236
58
187
61
41
108
306
302
235
40
291
248
128
163
159
266
87
291
34
101
302
98
235
82
17
280
195
263
289
152
165
273
327
152
239
190
251
229
136
260
316
176
199
67
73
5
42
277
11
18
229
250
199
104
7
241
65
308
291
95
166
174
343
256
335
104
358
34
366
12
113
248
365
150
115
116
245
43
355
266
186
183
147
349
84
359
384
326
15
29
172
224
97
183
37
129
216
40
163
379
163
80
283
172
212
61
317
77
158
79
102
105
206
8
345
3
393
234
253
362
127
54
377
176
389
22
76
320
71
158
265
314
279
223
87
160
421
157
4
36
235
219
173
269
318
226
176
426
144
144
331
418
150
395
444
441
220
108
92
246
303
431
417
290
175
226
353
73
5
393
291
324
468
465
17
472
92
351
333
226
209
331
424
275
80
380
50
365
476
93
378
152
335
379
216
128
191
257
216
417
145
391
316
427
310
267
127
314
296
325
78
368
38
436
92
427
127
472
274
350
124
47
459
461
415
343
359
122
61
363
472
182
422
308
223
56
347
190
43
474
390
206
266
336
126
74
405
45
372
465
71
435
120
413
153
488
546
470
188
545
238
321
534
392
15
495
49
537
495
511
446
220
465
33
390
247
386
352
443
288
529
446
519
347
240
341
591
218
482
152
69
348
419
361
293
24
544
488
361
131
215
566
335
461
475
497
613
250
466
216
184
600
589
269
381
36
534
488
45
328
203
271
173
213
272
412
160
278
148
67
595
9
131
45
495
573
403
167
331
426
464
300
324
560
193
572
654
173
382
119
474
384
292
181
92
338
393
537
510
314
82
612
511
84
217
467
452
480
640
512
492
494
88
353
280
123
589
456
601
198
363
444
214
604
374
509
1
174
689
22
239
210
442
229
553
338
359
284
539
468
324
573
300
29
170
238
568
464
304
140
356
42
92
720
527
497
450
36
382
662
507
249
80
653
37
618
155
620
225
671
473
581
331
541
5
571
426
159
567
260
72
732
62
508
199
46
171
160
664
17
240
68
44
642
564
546
649
580
518
108
764
184
554
425
97
470
535
692
617
354
322
533
734
416
410
208
524
659
459
784
108
117
683
581
727
758
36
602
194
167
349
507
100
60
253
175
334
220
771
536
671
548
7
751
588
687
256
412
599
659
507
190
121
148
411
65
725
516
274
138
760
598
341
524
228
385
566
761
693
121
722
611
637
237
515
421
577
748
238
182
680
553
841
417
814
130
595
479
84
430
286
529
510
321
434
743
697
48
40
226
644
191
502
477
673
718
143
211
399
769
62
427
399
811
135
553
131
496
357
140
99
793
362
369
287
38
383
259
66
849
606
837
167
380
859
548
824
47
801
154
584
325
773
726
641
866
634
860
568
409
56
288
3
386
220
704
862
62
592
668
361
457
41
103
267
568
2
845
123
757
340
542
428
385
500
98
564
121
936
272
189
337
449
184
647
2
482
104
326
328
40
471
458
768
789
910
902
708
637
807
747
425
758
883
719
482
614
787
35
892
443
795
913
630
961
110
499
847
134
620
729
708
773
165
335
902
624
190
723
680
20
869
112
622
562
771
177
480
513
392
463
276
866
17
929
396
401
205
382
690
40
674
441
979
27
355
300
37
303
474
995
662
771
837
477
388
483
216
304
945
231
352
628
720
387
395
143
556
372
1022
52
878
512
489
251
48
648
535
931
603
144
741
950
929
890
772
24
467
346
1053
32
464
208
157
510
995
400
89
216
740
808
959
490
389
906
82
205
1050
997
886
920
281
647
462
824
58
738
725
169
1009
770
332
375
985
1049
531
48
945
172
23
325
391
285
135
322
479
712
623
365
547
436
613
389
953
1001
903
783
714
778
349
1038
640
394
82
269
827
65
105
1134
662
880
985
851
751
856
285
520
773
286
1144
870
1109
965
157
975
142
45
34
680
860
886
601
1093
12
1051
659
72
884
624
693
837
579
251
1110
704
849
878
738
1120
796
502
399
339
498
71
588
492
1122
1054
931
99
1023
982
820
698
1082
880
510
824
287
207
838
814
549
793
314
172
726
179
255
48
152
264
619
568
1196
990
673
493
1082
800
1
1160
693
770
585
608
287
345
428
396
829
468
256
1008
54
571
57
1061
843
1229
910
1179
808
635
584
694
1181
350
955
984
134
965
610
402
828
1074
535
836
168
1115
97
360
346
251
1227
366
705
159
377
209
831
229
316
947
1147
359
37
674
1212
1057
309
197
166
736
75
679
280
379
619
295
715
537
1140
162
1243
1252
251
634
247
162
2
1213
635
394
888
547
1138
536
511
629
684
1037
279
1121
732
111
489
488
292
633
996
999
1071
426
1178
872
1183
368
1234
265
302
243
674
250
93
703
701
711
801
825
74
744
507
733
37
509
638
751
258
349
1085
970
170
834
1126
207
760
885
1082
1082
654
290
415
707
1042
79
870
285
788
1000
1100
392
689
99
1223
30
1074
8
1273
659
517
1210
106
901
942
711
1134
234
976
159
402
519
125
27
1372
737
330
1101
1365
113
1296
822
870
1352
1283
197
278
821
1143
363
384
1181
1079
487
1157
1011
1098
303
866
749
690
1397
1073
431
497
915
939
562
345
448
820
553
337
1145
1361
288
922
673
904
734
812
11
538
456
1310
637
995
1215
1122
1328
575
1056
1026
270
129
688
893
1456
1121
789
572
660
820
599
1308
1039
1102
881
557
933
1156
1442
270
1438
1198
712
414
82
135
142
509
599
121
418
376
323
1212
921
478
86
1131
324
968
1283
560
450
1329
1250
986
705
658
1181
4
26
1366
568
234
257
1442
561
531
1012
837
727
1218
1101
879
1294
19
1116
1401
979
1304
1506
956
891
472
569
635
1042
893
385
1126
49
1273
156
1209
1287
426
56
268
775
451
1139
1355
1346
812
5
65
672
468
72
479
477
280
100
618
963
613
1381
1243
263
1553
629
73
1491
604
982
202
682
786
1160
99
18
1191
1427
1484
1058
273
446
1387
503
733
1354
918
74
840
1119
847
871
1504
621
352
1137
819
1018
622
274
714
993
1201
770
311
662
82
1489
1122
508
1388
216
764
1477
1415
474
40
271
1594
1108
191
908
1486
1150
1121
407
1520
253
1412
111
462
450
1239
295
1378
1591
1512
1078
1103
369
1584
34
502
58
512
1302
287
207
1245
642
811
1200
1639
1269
673
1592
252
1180
22
829
1397
1347
874
449
212
79
1252
1352
511
948
303
883
1268
905
39
608
353
359
335
651
1383
138
1212
65
1071
1306
137
98
1683
1394
516
1413
825
1106
649
1311
667
290
590
772
434
386
1252
1598
72
338
1600
286
1130
849
1495
312
772
409
1486
1419
249
1480
525
626
500
1071
476
236
196
1270
135
618
332
1636
913
837
755
501
854
262
811
287
1265
800
1241
392
170
186
1313
823
318
323
1077
977
577
1422
827
1045
694
66
1340
1101
1167
402
509
657
972
218
452
138
1385
191
1461
480
504
295
958
632
245
1387
1028
823
1673
773
537
381
1128
1163
1031
1333
485
1275
392
1670
206
116
1564
1592
944
1097
1068
1662
71
813
690
1030
424
81
1322
1761
495
1048
571
1672
1090
515
920
17
1265
686
322
1399
210
27
790
880
629
1680
731
1294
1588
626
984
433
1681
1743
1061
428
1751
631
1153
426
1821
1170
1677
202
1480
1212
221
804
732
1133
1237
44
1638
1301
500
1550
1761
1299
1646
554
941
355
548
1379
923
15
872
1777
96
360
960
643
333
431
1037
364
32
1756
531
170
1640
194
1468
1489
832
236
1082
501
1616
1184
1811
1313
901
1496
581
282
1024
745
1441
1720
834
1765
1338
1443
472
1260
492
619
222
297
492
1097
1530
359
1595
809
860
1495
1103
363
1524
364
1587
872
852
1413
1814
1232
587
1514
1316
513
6
750
145
1192
687
1654
1578
459
530
173
954
343
682
26
1734
1739
88
1535
837
204
361
755
7
598
208
1728
5
1565
1800
215
814
464
505
1619
1560
1642
1251
925
945
874
383
50
1525
1430
1469
297
873
1285
1643
432
365
1819
1856
629
1744
775
223
1446
701
57
667
1239
621
1862
119
1174
1937
6
631
893
183
1829
971
1953
510
1499
176
899
37
1192
1641
242
1348
1495
1659
520
147
636
825
1937
33
817
542
1459
1369
1216
1179
1098
1318
682
331
585
332
287
1705
293
1073
1323
1489
689
258
101
940
857
1730
728
1117
602
656
1047
237
1110
929
1947
1618
561
366
2051
1463
781
1766
1971
1375
295
1002
1737
965
1291
1197
1749
1820
509
416
861
666
2055
994
403
791
1875
1133
436
1792
1994
788
397
259
1429
984
742
2020
1391
1126
1879
281
1794
95
1491
94
1312
466
2064
736
261
1751
566
954
1482
1405
82
1923
25
1099
1950
1134
758
2092
719
390
338
894
1073
1
1741
1170
1199
84
1106
1039
1736
2009
1057
585
1248
552
1258
261
648
926
403
2070
167
1158
656
341
856
467
1682
966
981
1231
1268
963
1211
25
1624
1904
1615
1782
228
856
1660
1196
69
1044
1296
641
326
1783
1819
1071
1070
110
27
1867
467
1225
650
339
1869
408
470
1492
1134
1293
1416
534
417
1772
1463
911
215
1007
1044
1590
1468
961
62
232
1380
278
1507
1433
927
1777
875
1787
421
584
1419
1106
575
1892
119
147
468
1608
1684
587
2185
778
1221
1400
2163
610
2119
2145
1876
281
1785
2082
2164
663
163
1384
1892
1755
1006
1931
1334
188
2109
768
1524
576
1461
625
1055
1267
1562
610
574
1576
862
1561
24
1660
797
476
246
1943
1147
419
2216
559
11
225
305
2076
1609
418
1632
1826
58
1626
285
1924
2244
694
380
1273
1365
96
1708
618
1149
1017
490
132
463
626
841
2259
771
1199
2229
1820
1202
1099
563
1196
2097
759
1654
1266
2049
1883
2079
1264
1899
997
263
1672
2304
2177
1221
601
1547
1476
1656
2104
731
981
1034
411
753
1100
2257
1007
103
581
299
952
485
1198
1224
2211
543
1775
201
1294
1224
1884
21
2216
1253
805
445
949
1449
1493
1882
240
366
609
2051
2046
351
1970
1572
635
118
927
2346
1231
1130
1139
131
1687
804
1681
168
788
186
1976
569
2369
1182
1844
2191
1532
665
1123
2206
1710
2242
171
1268
1494
1960
57
208
478
552
1995
2254
2014
2236
1265
1883
553
685
2055
1022
1433
864
945
380
1326
2337
322
1138
974
1886
1234
1724
1727
1471
388
2120
2360
87
2263
1581
2220
1515
1007
1588
1945
1305
847
1800
1879
450
2417
1848
1796
2163
2045
919
2009
1755
969
1492
192
1072
1861
2231
272
177
1630
192
2305
1306
166
29
2352
1186
67
1693
1327
1365
2321
84
1147
1194
1581
1772
534
572
900
1036
2359
1839
699
2393
2137
1814
2360
442
1605
368
868
858
27
1219
243
2293
572
503
1075
2088
1081
844
2064
357
1525
535
2343
1075
460
222
561
713
1981
2268
1385
520
2001
270
1235
1143
1435
2250
1681
2484
1591
746
1623
311
1378
1876
1167
2152
1982
571
1485
437
100
498
1130
843
1472
1077
21
1935
172
303
1480
2401
450
144
2324
1138
860
2501
1364
592
1491
1106
645
213
349
559
1290
910
2452
181
1248
2510
1435
1351
1341
712
2199
1992
1500
1907
2062
1193
1458
466
1260
617
751
2230
698
1309
2180
676
769
241
1592
433
2158
2471
1649
1452
1279
1496
8
401
1316
786
281
25
1016
1089
271
1052
1208
2246
73
2560
1293
1909
356
2207
2054
638
1309
1571
1044
89
1172
2001
1932
2148
2317
426
2018
291
1211
1222
693
587
931
1510
118
49
1883
2493
2316
446
1629
1421
524
967
1544
2538
2231
2321
1280
2295
602
118
1024
1390
1483
2176
1250
2129
2284
1268
67
1411
2572
2455
1522
2408
1329
2581
2235
593
1334
1605
2392
887
2606
179
2389
855
850
70
462
1721
1069
2024
1332
821
597
2635
2625
2426
911
929
2588
1284
1447
2259
626
887
1141
1960
1347
612
2612
927
1423
448
727
346
723
1427
492
283
1706
868
1875
2355
1721
1701
693
659
1678
1596
1111
1779
608
556
1843
1003
2381
1605
1944
96
2598
236
2138
1509
1250
132
2600
1048
1704
838
1249
1242
1734
1323
747
864
731
2160
1947
922
2714
2243
88
1341
2106
1687
1764
2640
2169
2677
1857
1214
1595
1344
1459
2558
2042
1407
1561
609
1807
1859
449
1689
956
2173
1447
1681
439
2587
463
2140
463
1736
2203
969
1297
1440
1198
54
424
1014
681
1199
310
69
137
1527
707
855
2630
2332
1339
2712
1215
310
2237
884
2557
139
833
1916
2470
2183
126
309
2199
754
1620
51
1230
349
2334
2590
1119
1901
970
1187
482
1976
2361
585
2068
193
1892
1235
1162
463
1069
148
753
1446
299
1745
1519
222
162
1773
1445
358
457
1288
533
284
2795
1040
2294
2030
1797
2437
250
254
1654
2403
1091
1168
2484
1449
2297
2742
1141
1560
619
1308
2748
2220
2224
1928
1342
1260
2617
2313
1310
1994
2535
1772
179
783
994
2862
2180
1133
2177
981
1945
1112
1455
817
2481
2250
1216
2111
2335
43
1692
2547
2311
2171
2804
508
160
38
1895
1323
1612
2077
539
1062
1532
2593
2684
1273
714
1642
2615
2167
2455
702
1672
882
2702
1317
2452
1967
366
1000
1745
963
1538
2051
861
338
806
1821
785
1581
138
233
791
2716
19
2807
443
844
1896
426
1323
792
231
1072
704
1516
111
2941
1574
1117
1820
2371
2261
2260
469
66
2831
820
2352
90
866
1296
1270
459
165
2343
2834
1577
1680
1465
1093
1798
1551
1282
2651
1856
125
1358
1680
1251
2928
559
2031
536
386
271
609
2216
2139
1837
1399
1788
236
1969
1385
2504
2958
1002
2714
244
2996
2900
196
1764
1584
1065
1097
1632
2243
393
1993
2791
2901
1712
2167
2880
1546
41
79
23
2623
187
2461
1999
1855
40
1400
92
1544
2242
1031
1642
1319
1594
2824
852
2837
267
1475
1921
1809
2724
2194
2210
2675
151
2594
1310
2455
1337
2778
460
1569
2549
688
2306
2560
852
232
2546
1053
1744
2334
2604
1764
146
1778
2561
1183
2302
2153
1654
669
129
2267
150
1307
258
1186
2575
2205
256
2891
1179
1995
2398
1021
437
206
2103
786
2364
860
1757
1246
1310
1249
145
998
978
1928
2646
1220
21
1273
220
550
2440
2111
1676
3069
176
2405
1354
2031
2952
495
263
959
1756
1914
2433
1758
1205
313
374
581
2925
1828
3090
2984
2194
2438
900
3087
27
1438
866
2176
194
431
1264
437
439
1733
1236
2478
2192
628
1097
363
1805
3060
715
81
974
128
320
1318
30
1633
179
462
2314
1867
2112
605
618
1799
2174
3166
2130
1362
1345
156
348
1642
3050
1692
2513
2723
429
1056
949
2193
2516
2323
1190
680
1541
3152
1842
1975
811
435
209
492
3130
973
1562
715
2131
2721
1301
1545
2845
2893
2729
830
862
349
3064
1003
223
788
527
2598
807
2406
58
872
1729
2337
665
662
762
355
2263
3074
2196
2780
897
1712
2323
981
192
1705
1995
2677
1905
2552
2347
2091
2942
1719
49
2551
72
2138
2043
1349
2007
617
848
2945
1212
1166
728
1976
624
3071
1248
3150
1441
1088
1107
1411
2917
1587
2498
1307
318
693
2450
2608
2030
1553
1288
719
2459
669
2530
1332
707
701
353
3013
50
1852
585
2875
1579
101
2203
858
1598
413
2956
314
1339
864
2148
519
1979
1200
2382
3154
2474
2554
246
746
439
157
1047
1104
1807
190
2217
2902
2740
2183
999
73
1839
2307
691
1272
3318
1344
3094
2810
1574
1348
482
2027
308
115
1024
2434
1843
2722
564
899
1949
591
3169
1567
2625
2695
2433
3047
844
2143
2212
1978
711
3063
2732
3165
3059
583
2019
2761
2145
2515
457
1408
2048
1661
2868
1797
792
1725
1930
2235
2601
2947
267
3375
3183
223
2033
453
2277
3122
667
1595
2977
817
2291
2190
1275
1727
1486
380
2901
1546
862
2498
1920
1010
3259
2791
683
768
1870
264
3147
1691
24
1513
2757
2176
2287
1460
2801
91
2771
34
1885
1031
2050
2058
2276
801
2527
442
2039
259
1361
541
2159
2106
777
3168
2457
2064
404
1646
3011
1443
1021
3299
1779
1143
2897
2121
72
1305
1744
2043
2615
1569
776
1820
373
340
2598
1658
767
3075
1125
2792
1556
942
170
2079
2825
833
1728
535
2620
2412
2947
2187
3484
672
3300
289
1810
1642
743
302
2350
2313
3053
1118
304
1536
1443
2768
3098
1122
3174
3100
1655
756
2273
421
1124
293
302
2354
3433
1306
3106
1667
2501
780
3415
304
2306
1320
1596
2619
2390
1028
2892
1116
1964
2099
675
3354
182
3326
2295
1556
1035
3112
1977
2761
765
584
2556
1270
2847
3159
3155
3455
1471
1334
1724
2515
2466
1337
3311
2133
3149
956
375
1687
1573
2145
1351
2969
2417
2298
2357
2208
454
2004
393
2150
371
1952
3340
124
3109
2306
2937
1156
1724
3572
3189
454
1095
1978
2711
1057
1338
1902
841
153
2121
1610
775
3154
1358
2137
8
1445
790
2141
67
3507
722
587
989
1907
1294
2232
2453
1812
1625
1615
543
3170
325
1369
614
3194
2158
2003
361
1701
2874
1734
2760
413
151
3170
3556
2875
313
2987
678
305
436
1795
374
750
1379
554
956
2579
2883
3538
218
2078
1445
3366
594
3498
607
1060
1261
996
3613
828
1135
3647
3376
646
1549
2481
1390
2366
98
3112
1669
250
3489
1196
145
2334
2804
61
529
1360
1400
2665
1173
478
544
1966
2647
2758
2186
203
3559
684
2524
808
1486
1873
1976
1616
1815
2057
3223
1286
115
2496
835
469
1988
3040
2236
343
865
592
1631
1807
1716
3174
2395
2764
122
1764
451
1190
3416
2866
3345
3471
3029
1966
879
1116
2287
139
1704
2286
3571
1250
3718
938
1062
3430
2958
3376
1332
904
3437
1202
486
1702
949
1396
2432
116
2256
415
1314
3728
1555
2172
237
2470
348
1241
2416
2517
967
2672
620
3471
3095
1801
1512
990
2569
381
2457
3670
1601
3615
1890
1216
3396
3735
110
2689
2615
2128
1831
3762
3252
2356
2158
2719
1896
904
817
3403
240
1022
3082
2639
537
637
2016
1894
3008
1087
2156
2821
2936
3247
1057
2174
1640
2394
3247
510
195
335
1570
3451
2922
3432
1137
550
805
1375
1381
3771
622
429
337
3551
260
123
2980
661
1342
3260
2353
3
3273
3516
1545
3390
3564
2118
2924
3343
804
1719
1508
1548
758
2100
3602
500
2500
815
2867
3191
1563
1410
2780
2546
3119
2393
1752
1332
854
2743
2900
558
3378
817
1694
2835
473
320
2736
93
2993
2110
2596
418
2083
129
1390
257
2975
3816
903
1376
3267
3304
1174
1380
1491
2276
1988
469
1341
600
1645
3578
2553
139
3882
3881
3560
3606
3311
3872
274
2153
1969
280
2230
706
909
1812
3008
1063
2323
2972
608
1327
2593
547
3317
2015
3044
2265
2052
516
3801
1853
3209
1758
3518
2094
3232
3351
3836
2010
1116
1738
632
2440
2820
3793
2187
1205
2569
1071
847
181
3583
105
2408
1437
2338
206
3697
1613
3560
225
3410
3040
457
395
3017
2106
2941
3733
2243
1956
3291
805
3165
2541
3006
2250
1811
2580
3358
3507
82
2602
2747
822
605
3464
2992
1885
1305
2956
3367
762
221
194
1759
1515
1139
2425
3500
476
162
2982
3640
2681
3629
1681
2667
98
200
2272
1780
2070
2235
1640
1704
465
2956
2259
3538
2227
396
1599
2574
3603
780
527
122
1950
1692
118
1471
3637
1591
1116
2157
4001
75
3144
3127
608
1918
1369
2408
1217
1375
2791
1262
40
1457
3377
2573
387
2947
1841
2542
2801
2891
1283
2301
1065
558
2508
3004
1858
1437
3412
2201
3310
2150
224
395
2999
1368
1687
1911
448
3533
1495
106
740
2110
3414
1300
227
867
2157
2183
3106
4
1592
2612
1939
1865
2140
960
1135
2053
548
9
438
1349
3146
1256
3347
971
3537
426
1000
2713
3013
113
3359
2371
3976
807
1538
1292
1749
3358
774
1881
3683
3698
3593
2432
1387
1412
300
2199
2764
1155
2827
630
2484
146
3437
1821
1784
1537
2016
3140
686
3825
3651
2005
526
3484
806
2196
2165
3953
1161
1766
700
2476
792
345
3481
561
2763
194
4039
80
619
81
92
4114
1168
2745
1189
1833
3760
1030
4144
2976
3736
2719
2440
2154
2373
719
3210
1069
1034
3996
2502
3988
4124
990
2072
1617
1456
2933
2856
2760
1311
702
2376
2767
1204
2471
151
3796
96
1906
3053
492
981
736
1520
454
3869
2346
2256
606
2844
4035
103
1734
1313
1000
101
2273
3834
1174
465
3719
1577
2587
479
3531
1322
3944
1364
2865
1556
4104
752
2503
172
643
2891
3980
2481
3116
2099
1993
1232
791
3773
3067
2299
3344
93
375
2945
3317
3729
3263
13
1579
391
4260
2502
1614
785
3167
1809
41
4150
2200
4126
1373
1836
3781
578
1072
1089
3763
2793
3896
1798
3840
3254
118
2251
25
2975
572
4178
2320
2618
3803
1946
233
1926
371
3685
4056
3500
2399
3803
649
2345
1595
228
3642
3767
2030
1244
4018
319
1006
552
2451
3129
2151
887
594
1508
1959
3794
212
2070
1391
496
921
1690
153
3609
34
324
3383
1205
1023
3984
3553
5
4161
3141
1664
187
3199
135
970
4166
2905
4117
2788
571
3089
4270
2513
3955
2822
2976
2155
1886
1566
1242
1632
275
2000
3661
333
3991
1521
2197
817
2839
3251
3526
1178
3480
2483
1972
3991
2438
963
1266
2231
1377
3587
3097
647
2833
3306
3015
3123
3820
4249
1811
3684
4394
886
1948
838
37
2267
2451
34
2717
1473
2232
4011
946
3434
3529
2902
791
811
1895
853
545
1781
802
806
526
1224
1678
4239
2109
782
3077
625
1361
1350
1763
4268
866
2481
623
3239
431
3712
2832
4237
1219
4153
443
1010
95
4032
1043
1949
3461
1572
3835
2874
2077
1222
4331
1157
783
1002
2417
3508
4418
2063
74
3051
1788
3147
4068
2428
3850
3495
141
435
1222
2457
4083
52
1382
532
3450
3228
1362
3998
1306
2866
2083
127
2089
1068
4125
4294
3322
3315
3244
1691
2389
3941
3735
2105
1999
3922
3194
2240
2979
2071
4183
4264
3892
4271
2790
1791
3540
1410
3445
3070
3092
3236
4131
2653
1743
317
1827
2721
602
3462
1444
1707
2369
4481
3455
3458
3142
4341
1250
1516
736
1493
2440
1056
3232
4050
1847
3897
2838
843
4469
2302
477
411
809
3720
773
4501
1150
4362
3467
2675
3879
1569
748
426
4154
2010
19
4397
3226
2592
884
195
1942
1370
3945
2870
326
2161
799
2382
667
4163
513
497
2434
2240
453
3914
681
13
2468
2926
3991
2872
3749
4445
181
1056
2643
7
1469
3415
3163
3411
561
1788
2881
3362
4091
3722
2073
9
2607
1943
1839
288
2547
3668
3419
2666
3573
2075
3359
452
2944
4198
3163
625
3396
3325
2305
3538
2388
4048
529
422
2741
374
2111
2887
2797
2573
4164
3240
2943
2698
3110
733
1399
1078
2684
2699
3232
911
2461
4015
2258
4084
1711
278
843
858
255
1000
429
1486
4030
1636
194
968
769
3023
696
918
1251
2837
1160
2379
2229
2427
421
2798
3177
285
3688
3836
2421
3796
4382
1016
3261
2478
2754
1708
1981
3168
4319
1283
878
2061
3336
1036
3405
1194
292
2576
46
2963
1620
2047
700
386
3048
3022
2484
2197
4410
3963
2211
179
4000
1534
3341
1397
4255
2559
1826
2205
784
137
2067
1003
1810
4335
144
3230
3859
2643
516
1119
3539
1785
4614
1837
2514
3368
142
904
2517
3895
1639
3257
1524
2709
576
164
1898
3862
3883
2361
191
1675
2333
3348
3570
2949
2339
3261
2850
2732
1351
1731
3262
3817
1472
1197
2932
28
124
1511
2282
59
461
4257
3132
4037
1758
4381
4371
2260
416
1289
2145
4670
4713
435
1168
2965
1996
1668
617
392
2795
2546
434
3551
1129
2033
4504
4649
3594
1465
204
840
1493
3421
251
954
3482
4117
1624
1176
1992
3962
2196
1304
2569
3619
3214
2756
1122
436
4545
3215
3851
3937
3719
1625
4408
902
2686
4458
4071
3023
1188
3585
753
1901
4042
954
1599
2507
1714
1552
2899
159
4480
3389
1568
1976
6
1669
3098
3562
4608
2439
723
3835
2294
3937
2359
2765
3194
2169
985
3848
4511
419
2830
3253
683
3694
1668
1826
3444
3877
2727
2489
2982
2181
2690
656
4350
1194
126
4732
4736
576
2109
1883
2500
102
495
1846
3564
3422
710
369
4361
1335
1890
4474
2846
3626
2372
3494
3727
3407
1812
3518
1216
147
1909
764
1495
2780
1917
1039
3227
3351
1368
2011
4099
3492
3766
4025
2593
4256
3657
1444
3701
4406
2804
4213
100
2619
2367
3249
3613
2517
4773
351
665
3968
1512
1916
3878
2160
3057
1188
4719
35
4879
652
2210
707
990
3153
3465
4684
3969
794
4498
3386
4048
588
478
2997
4886
3449
4356
2103
2662
2503
4549
3572
964
1520
2120
2130
4120
2420
2984
4401
222
890
3509
4590
779
275
2846
1838
2863
3901
3937
4685
3995
2048
2285
924
3077
3809
4846
4800
543
2779
3847
2746
2189
4445
2981
3402
4109
3557
4604
1613
4190
988
4810
237
3191
3696
3976
3556
869
1712
3387
4298
4415
1359
722
821
1758
1931
822
2151
2141
1294
309
3477
3886
4310
1701
570
4121
4180
542
3961
1022
3668
2542
2422
2623
1004
3150
4156
2798
3898
1495
3408
2203
3037
1003
974
3685
932
2259
3064
3932
4768
2248
610
5000
3790
4425
5005
4256
3725
53
1752
4173
3760
1721
1035
890
2107
4339
3362
1785
3874
3346
282
4953
1994
5004
4699
3234
370
4881
4905
3431
2145
1764
4393
2806
3515
259
698
3492
1491
2445
558
4797
978
3234
560
1210
2909
866
3006
4298
3705
3753
3313
4928
2575
3038
267
795
2263
319
2969
4625
3196
3542
4543
2302
3681
452
1863
4445
4585
1851
3913
5057
1709
3135
2689
4672
4751
3857
1480
2695
4929
3966
939
1033
2180
829
5059
1189
2866
778
1535
4080
1080
2037
3190
2247
5025
2781
3681
90
3592
1466
3628
2191
1864
3643
4171
3056
459
4452
4820
3991
1639
510
447
3107
2894
3574
3155
2068
3328
740
401
581
1066
2060
914
3012
838
3344
417
3331
1625
2474
882
911
1710
2181
1650
4151
2107
837
1012
4770
4363
4765
336
1227
2568
4882
1864
1398
4939
1442
4130
4657
5145
5078
2568
825
1032
3575
1352
2342
3221
3613
412
3856
2840
4045
2840
3153
918
1556
4630
1266
984
2939
3672
1984
3448
234
4114
1097
4826
3431
2675
1776
518
336
2384
976
5218
386
3087
3741
4619
4530
1921
1060
3173
1200
859
144
4998
2255
885
4409
3281
2681
312
1536
1782
2681
3631
4877
4528
2635
1556
2942
2278
3806
4660
343
896
1536
2122
3788
367
3149
1816
4210
4637
1448
706
4205
2682
4138
766
2000
69
1738
4684
1759
1491
2142
127
1538
25
3212
2374
4240
442
2372
1600
2360
5100
3948
283
5305
4486
1176
1151
2363
2474
3717
3979
31
294
475
2108
3427
1666
2264
2479
4876
1359
1769
5091
4502
5189
2784
3650
831
4148
2160
1583
5087
2893
2123
866
2646
4187
3855
923
4672
1734
3665
4756
2090
1915
110
5358
1115
4775
655
2794
2860
1640
2016
672
2578
1790
4749
3089
587
4798
4045
1429
3794
3088
1407
5167
3123
2062
4472
5105
4620
4109
1738
1821
1710
1505
4717
3153
88
3465
1786
3242
1133
1275
2640
1820
2961
2796
2091
3665
191
3766
582
2901
387
539
1660
349
2375
4404
690
1796
3103
3243
3107
1730
698
2560
2812
4255
4887
3944
401
2965
5177
5185
4295
3254
1737
3542
3841
1667
4652
414
5327
2343
4195
3345
2941
3260
3078
3575
2695
129
3336
2731
2873
3289
767
1164
2548
890
4033
2011
2248
4078
4836
1079
332
3461
444
3466
3465
238
4893
2578
3087
404
951
1294
1065
3275
3607
3961
282
1753
4276
4993
4705
5409
4915
2249
3713
2640
1655
185
51
22
3991
4172
1044
2390
3960
2322
2174
142
1817
1313
1819
3647
1930
2827
1740
1894
4752
1167
4794
3465
2666
3465
1437
4843
2563
2232
3428
174
3683
1475
4652
4042
4512
4804
479
2368
3149
2919
2481
2653
3077
3867
5188
1344
287
3311
466
2584
4504
803
2990
821
695
3539
4467
2890
469
103
587
2601
4160
1142
1451
4277
4903
5524
4628
4317
4492
2413
1000
3254
4126
4715
5177
2139
3918
1309
5156
554
4294
1058
1629
1594
1280
1342
497
1173
89
180
1803
4314
3502
4865
5232
4387
143
4311
986
3235
5484
5148
2182
3664
318
2236
2036
2546
4824
2841
3788
2979
797
1214
574
1885
2708
139
297
2607
4637
2076
4857
2020
2549
4273
5083
5291
3949
1785
3374
3037
1855
1870
1162
3140
5304
1892
2679
5018
4258
4645
3490
322
1302
2749
4593
3342
382
3150
5299
823
1188
4565
999
2200
4428
3032
3948
3417
5584
2196
3317
3679
3997
724
5000
4842
3815
1375
2353
3246
675
4135
3181
3406
2589
1099
1255
528
714
3635
5050
2880
4586
621
5418
2582
4369
4567
4890
3476
4924
4160
5613
3268
3806
348
2124
4289
2340
625
2289
1405
3140
5677
4041
3991
33
4938
1427
5481
3862
1963
54
2794
1380
4366
5236
5618
2443
68
3094
4510
4695
3742
874
3706
969
5255
934
4413
3025
5732
227
3858
2586
583
3384
1859
3228
4067
505
1808
1521
4172
3280
4941
3543
2175
3127
690
3433
2795
5301
3488
3054
2073
4976
2763
2836
4038
632
551
915
1482
3911
4823
5259
1068
3436
623
2484
2738
4340
1759
2744
3893
3643
332
235
1649
2087
1173
4546
118
3212
5093
146
2296
4105
1210
92
3866
5238
3527
4074
1289
960
4543
2657
836
1307
3702
2732
4557
3289
3808
3763
2877
5163
2554
5182
842
1012
2716
2360
3816
614
1379
5573
5492
1185
2388
2265
925
5411
4790
3033
4888
5354
3247
4973
5201
3060
2299
523
3062
5039
5851
1969
3297
310
2659
4322
2053
265
2650
2410
3589
2212
527
1053
1622
1321
5754
4870
238
12
3493
2380
4297
5526
155
823
21
3244
382
5594
3527
1861
2077
3646
4683
2881
417
514
2210
5007
2484
3935
2077
1992
2225
1913
1269
2922
3554
5410
2914
1523
1766
1582
973
3046
2270
344
882
5728
248
5236
5259
379
5372
2459
1154
4362
1157
3846
102
1540
4753
5362
814
2374
5403
4284
4457
2761
208
2059
178
1450
4282
5510
2970
1464
3994
3044
2698
2420
1210
2322
5379
229
2014
2446
5903
4693
3478
4316
2435
3283
405
3401
3388
4745
1586
5741
910
787
387
4009
1446
2190
5094
583
3942
2757
672
3277
800
5282
2241
4220
2139
1451
3125
1990
3517
5510
5122
5433
3287
550
2164
1771
2248
2014
2810
4536
3945
224
2618
4123
5795
1125
3979
1312
3038
3586
4853
3524
4611
503
2469
3569
2196
975
333
673
4243
5937
4248
3209
4716
1516
4097
2410
1099
2582
4794
2460
61
2143
5514
5852
5630
5048
4328
1020
4204
2153
876
1016
3287
3613
5298
4984
3678
5223
3311
2629
507
352
367
5266
2562
5807
5984
1287
2207
1830
2884
287
1405
2584
5196
3641
903
3220
5354
5315
4941
954
4121
3396
1020
5012
1841
4674
1692
5678
3275
1422
2969
4717
3520
2247
5512
5696
2102
3475
2898
2832
4271
5088
3488
4523
258
3266
3188
4264
5191
5550
2476
1269
1174
1651
660
5487
3659
415
5590
3718
2845
381
3935
1764
564
2756
2312
4293
5045
3793
2180
5486
1471
5145
2527
4048
190
865
1215
5622
567
4001
1986
188
2731
3502
4749
3961
4432
3217
1009
3566
1230
507
3965
1627
4871
827
3591
1415
4266
5386
216
3183
4093
2215
4326
4850
4994
2335
3056
3391
4043
5753
2651
1256
3460
5633
4242
241
3111
2993
420
5086
344
2877
5597
182
5740
3513
3374
4323
2712
5653
3095
1569
4947
772
660
1911
2013
5392
5179
1737
778
3854
340
5435
5177
2667
4459
3852
5316
2459
4177
3057
5610
3292
2070
765
3274
4239
4253
4839
878
3623
1492
2446
5508
1527
5406
4699
369
5232
2328
2264
2536
806
2957
4858
5224
5720
2592
330
3218
629
1710
2873
2627
1468
395
4528
4094
5663
2332
235
4957
319
5226
4630
4792
2527
2552
561
4173
19
1108
466
1415
4570
4009
4136
4343
4617
101
664
152
2889
2998
6228
5684
5017
4209
1459
2575
5121
2619
1365
3627
4987
1057
5566
6003
1481
5618
2028
4733
5156
5558
4921
1971
1967
4377
427
292
1413
1976
5170
1193
5180
3292
1259
880
5515
594
1015
1215
1220
4011
4902
5841
1621
5535
4147
4863
6061
3105
192
428
6234
5449
1516
4102
3833
1114
4037
3540
249
1038
3854
4046
4458
717
4439
3433
6085
4871
6298
3333
1913
1069
3239
5130
2201
1990
877
6097
3564
3935
4424
1186
5944
3511
4528
582
6140
3935
3381
3785
1250
2015
3975
3141
80
990
5446
2927
5399
3145
5284
6083
1439
6050
5335
5379
5212
2965
2064
1022
5431
2680
1798
4040
1438
4706
1770
2045
2702
567
2106
3230
795
3461
5259
4886
1838
4840
4448
5768
2017
4434
2949
4333
1196
1175
4971
619
1647
3864
3005
3639
5367
6396
2826
5663
5177
718
2075
3114
1274
1866
5402
5618
3790
6077
1370
4871
2339
6217
5842
3669
39
3113
981
1259
32
1690
5155
3682
4200
5986
2474
5787
3421
4053
1898
624
4242
1146
1379
2718
5422
1122
1022
468
2968
5191
1927
302
4516
1883
1537
2901
4848
854
2068
5443
1615
1281
4145
2979
4325
2117
2835
1935
568
6175
6474
6283
4872
6031
6273
1387
6064
3003
2520
4419
5494
4133
1095
4893
1631
1377
3668
5232
371
1993
1370
5750
1051
268
4657
1669
905
1477
247
3196
2435
1795
3913
1337
3551
1433
654
4582
834
5480
3360
2543
473
1875
281
5261
165
2715
291
3140
564
5440
3184
1149
4741
5408
4271
4272
4905
211
5573
1981
1067
2548
3057
3113
5371
2119
77
1956
2117
842
6148
2694
5893
3268
5375
5385
6517
3144
5366
660
4509
1596
5976
1157
1563
96
3383
1470
2697
3547
1600
4983
5224
6056
6404
276
1518
1825
6361
5484
1444
126
5566
5627
6352
1471
3702
1477
6523
49
5240
4655
3746
3114
6291
4922
6233
3070
5208
3075
1986
5894
3833
2848
5465
389
6076
5004
4321
4386
4079
4950
5411
787
471
4921
4080
432
4244
807
4946
1843
5327
6065
6597
2487
1476
2575
3445
6346
1146
3558
72
5841
357
5073
3929
1683
338
4113
2632
3068
595
2933
5204
145
3929
1023
4760
6191
3742
6347
503
409
3493
3215
6208
6406
4027
4768
2412
5256
5293
5086
557
5159
3978
6652
2966
2368
5554
4338
2347
2534
6258
2797
1772
3901
4117
6059
873
3981
2300
4410
2023
2100
4925
6575
122
6327
2548
4636
4845
2968
6582
1252
1843
5606
1251
598
3195
1076
4560
4785
1069
627
2735
3732
2623
4098
275
1180
2884
1929
5767
109
983
5910
4339
3892
3055
5723
1307
529
5896
3486
729
4138
3977
3271
2430
6180
1065
6310
2770
6266
3051
4263
6498
1187
785
2596
5796
6544
4914
2176
4229
3762
4483
6
4847
5419
2897
1870
456
1629
3630
3013
2829
826
4079
6444
4286
4972
551
4123
6565
6703
1056
2073
6487
5851
1767
4174
5921
4641
3892
1240
3396
6124
5324
5823
1220
1393
1852
1852
1689
4108
897
5444
1578
6523
2783
5698
2520
94
1210
5676
3782
2353
4213
5949
5815
1297
3445
5633
241
2047
1060
3080
6138
3208
3213
4346
6485
2254
4051
4957
3115
684
5071
3934
550
28
4226
2960
5706
3331
458
4769
2241
859
1538
2737
205
3758
1857
430
5296
5754
2626
6203
3845
4888
2497
6308
1059
2758
5311
74
4028
2792
6525
4155
1011
6438
5932
3793
3537
2038
6237
2464
1673
1316
2097
4849
1940
740
3128
6364
5565
1831
4057
1773
5806
4251
1048
2930
1064
3303
5550
119
3573
2647
2109
5427
4198
4786
5071
2998
2988
3465
4331
1505
4318
2602
2158
6141
3000
720
1128
1307
6848
165
5178
5080
4065
4782
1322
6540
4302
5359
229
5224
5186
3509
3617
4255
3280
4869
131
4637
993
305
1018
5121
1535
4849
1650
4783
228
2720
5338
4244
3052
3855
4942
3690
5435
885
6574
1887
4974
2485
6400
5948
850
2973
5519
2086
3214
4420
4320
5906
1115
3828
1201
1433
6354
4104
1034
4186
3592
1607
3167
3289
1074
6006
143
6955
4296
3961
6118
6743
4110
4891
2246
240
4476
648
4514
5199
2363
5005
3949
5432
3224
6962
2737
559
5574
2685
275
5417
4593
712
687
6729
6595
1050
3733
6828
6780
5231
2925
892
6618
4607
1239
6275
2838
516
1936
3373
4865
5957
3021
1960
2857
465
6031
43
4219
962
1599
775
436
2796
3168
2972
1250
3666
5338
6276
4982
1302
2122
1230
4147
284
2732
4196
4581
2892
4550
6318
3246
6930
31
6412
636
1809
2020
5555
500
5759
5662
5811
4446
6391
7043
1525
2986
1219
1516
6943
3238
5768
4040
89
5974
2646
3209
2683
5759
2
3104
6787
973
6833
5098
5347
4997
367
1812
2136
5649
2358
3001
5251
4741
7060
5811
5920
694
2984
2705
54
1600
2763
5384
5394
6735
1735
3691
2273
485
2856
4137
3392
4038
2148
2721
5747
4753
3667
6138
1956
6515
1661
2769
3430
6486
4274
2319
3736
3831
4919
1271
2950
1057
5898
6515
6519
4748
5058
5670
3629
510
27
2030
5467
5536
1393
5799
6148
6164
6581
1170
5823
3218
5128
6736
1484
5247
5513
5861
2946
2127
2148
4068
7095
2698
1804
5313
4288
5267
721
3662
5510
277
3978
3139
2478
878
4029
962
5603
6745
3473
5585
4965
1326
5030
1966
2412
5102
870
3158
6438
2872
2552
4682
1362
266
3547
4371
4244
3072
512
3500
453
3343
26
4100
3097
5005
3859
3488
2417
6333
701
1157
5516
4561
4385
3262
4706
6921
1840
2163
4592
4775
3518
1218
1599
1983
4118
5068
5793
2366
6727
2060
477
5388
2848
5802
1827
4665
3825
1797
4192
2082
3798
5686
6192
5572
4618
2708
4618
1832
6074
2438
2091
5743
705
2403
3744
3064
5304
120
4132
2290
4440
160
648
6566
4362
7214
391
5264
5042
4781
2115
56
3437
4865
3181
477
3704
3040
7221
6563
7092
6202
372
2673
2462
2725
3467
5595
2685
1768
4212
6581
5567
5802
7121
2198
6948
3402
770
2912
1266
5345
2779
5588
3755
4920
5821
4574
3826
6749
3555
1514
3468
4127
6117
1546
5832
2536
1898
4957
5660
2824
5713
3290
2373
1083
6507
7237
6761
3308
3180
768
6164
3452
3939
3226
4470
4614
3721
841
2853
748
1726
5907
3952
7133
1367
3617
1003
4101
4649
4146
2625
5433
3881
1942
2781
6870
998
1975
798
5311
6321
5844
6643
760
2327
1613
4866
6725
675
743
2068
5626
4591
4799
1831
378
6777
5661
4777
4578
4086
3726
5920
1145
5632
2298
4436
814
2013
3942
6818
5506
107
2704
3331
2578
2711
6574
6547
7087
7340
2753
6354
1741
3389
756
4354
6142
2507
4322
4988
1477
7162
4366
2615
4067
5559
4176
3575
6383
6262
3846
3489
3064
6566
2254
5807
5195
1392
7334
1936
3455
781
1064
2436
4166
6905
3722
2351
5533
6048
3228
1654
3554
760
2386
3101
2579
5971
4203
3386
4980
5576
866
5012
2653
4680
3395
3173
525
122
5734
1164
5625
3427
2233
6452
5075
3964
1048
1797
3345
5181
5395
6006
5473
1441
2538
976
6133
1711
6649
4365
7373
1275
5551
1238
2002
4600
2722
2339
2992
2738
1060
2691
5082
6081
514
4840
4445
4178
2396
2497
3148
6180
7277
4565
1226
2003
3537
210
1684
4423
135
4303
5602
6898
6954
2524
923
333
5635
3481
3760
3813
2732
3533
6375
2192
3236
2717
3572
6352
1059
7392
1674
2942
2878
636
97
2770
4522
5645
657
4272
5875
133
4851
5231
1669
4747
1928
6843
7363
972
4348
1794
27
5653
7343
2277
2127
6156
3118
4700
241
2838
4239
1048
7570
339
676
3939
390
3031
4448
535
2053
3389
1863
1739
2728
4646
2684
3602
5157
4429
2815
3819
3318
2769
6715
1442
2790
976
4571
2774
2247
6661
686
522
5315
3303
3777
6953
1901
4713
5139
6807
6243
3107
1554
5126
3047
6662
5178
2469
5972
5162
6607
1108
1250
6258
1172
3694
6138
3536
2670
2368
5894
1292
3672
2564
2829
4447
2940
2855
1550
5304
5592
5661
3030
1038
3312
6513
1461
4116
1498
4122
6180
7039
6970
6952
4660
3107
5572
4122
3917
4098
4378
2348
5127
4711
6284
1702
7156
6147
1796
864
7667
6527
3618
3948
2647
5760
2426
6592
82
1506
3303
5791
717
3861
5438
804
4299
2987
434
661
439
1016
81
6507
2269
1592
6634
6066
1751
1114
707
1394
7024
1684
142
3308
3882
6180
529
7699
1525
1777
7484
6289
6051
7232
6520
7698
2859
3529
7268
5948
1076
2314
6716
3254
5917
6647
3183
6540
6056
1258
5232
7288
5470
1806
1630
3083
829
987
5165
3095
4695
7427
4651
2789
684
162
6804
1198
4172
5510
6992
5644
1047
2801
1687
7611
497
6929
2710
4406
1409
2887
4003
2281
7578
7544
5686
2285
4242
5397
1554
2832
4867
3507
1530
810
5721
1865
6629
4976
3359
4625
737
1746
298
6632
7606
7022
3343
1099
7230
6137
2358
234
670
7631
1381
788
7316
4566
2814
1329
5362
6969
841
262
1938
2674
5507
7575
2745
1400
7227
696
4844
895
1749
6498
5830
5276
2238
2320
7777
2396
6966
5106
7426
3852
3757
6011
3139
826
3079
5867
3454
2976
4530
3800
2343
3529
4808
7790
1220
7550
1089
7288
6221
4856
6255
5145
411
107
6798
3540
711
1004
5353
493
2942
2052
4881
4806
5687
927
5774
4479
444
5646
3667
2233
4087
2642
3733
4087
4045
1739
2992
6422
3969
7802
3715
7322
1484
2924
398
7359
2958
7875
3740
557
6397
3881
6640
2457
7430
3529
767
383
6635
3234
1260
3270
929
2373
3836
5121
3540
7560
681
1998
5585
2291
1504
2622
5302
5912
4262
6720
6717
1033
2586
7639
7461
5846
474
1525
862
832
7197
7839
1605
1861
1508
5178
295
1593
1133
7399
7453
6105
5072
795
6303
1715
7499
3769
6178
3985
7917
3377
807
3368
1714
1802
4223
7124
5537
7067
3912
3867
2071
2253
6193
1672
1414
2885
2756
5141
560
4345
7205
6447
6517
4479
4622
7864
5238
410
1213
2062
5792
1102
343
3681
3759
7497
2840
7210
2480
4732
1832
4516
5834
5427
6708
6666
7439
7722
3634
578
88
2654
5112
4302
2262
963
436
7246
7876
2379
1754
2667
2722
3680
7671
6658
4676
6602
1989
731
2736
7042
3680
3960
2281
7830
1462
7424
1572
594
4611
6860
3323
4271
72
6967
6464
3884
1013
2894
5573
2042
1576
350
6578
2214
2830
4730
1489
4158
5597
1387
6045
5197
2518
834
3755
7333
7421
7406
5672
4324
6389
35
5604
6651
69
3047
4818
7388
530
398
5607
7863
6267
7995
2946
5586
1139
3094
1066
1840
5371
3941
3207
986
3094
5464
5402
6682
5770
7912
6089
200
601
8092
2950
6937
8055
1561
5749
3670
4168
6980
5343
5518
279
2209
1991
2324
3083
3150
6637
3743
7715
3293
7806
1137
1872
1488
2937
5983
3779
4068
7164
2262
5512
5003
5554
571
3861
6448
662
7941
1323
3810
2596
1727
685
8020
2912
4784
4879
2565
7608
1707
6527
5721
7241
2202
2100
1650
7580
4387
7247
949
5586
705
3153
3311
7128
6432
2298
2261
704
2643
7287
4544
2044
5526
3686
603
8135
6698
3898
2122
1391
504
6543
828
7065
7226
5704
6455
2911
4383
6994
2725
2669
5397
2341
5573
2179
360
132
2733
6719
1850
7523
7689
2032
4310
2487
1236
2389
6790
2275
6513
4969
2592
2864
5506
6496
3640
2552
6526
2168
6670
7737
196
197
2632
111
2484
5503
2561
2588
223
1507
6587
106
5960
4442
1742
1750
7995
8099
2692
4639
3460
540
2257
4247
3501
336
2437
8036
3391
7568
470
1619
5845
4637
5064
4394
3611
1591
7290
3241
4747
4625
8218
4553
2461
5112
662
5807
2339
7649
5414
5754
848
409
4861
3906
3868
4070
6527
6865
7164
5452
3470
2361
4223
7601
7587
7950
3209
2470
2353
2894
3792
5797
8207
3904
3930
6950
5811
4348
7271
8301
43
4
6323
2479
7369
2843
4708
8308
1961
7228
2712
4752
6969
2187
5962
3934
2731
7257
302
6731
1992
3384
5844
5030
329
4694
4815
2268
1668
5837
5990
6003
1630
1927
5086
2722
472
64
5478
6842
361
1498
7227
6860
4054
7642
3967
4651
7811
6782
3725
1865
3589
5417
74
2381
3384
2584
7395
952
3585
300
3027
795
5484
7876
7252
946
4140
1000
5222
5999
3990
4522
5677
5510
5374
7838
5261
1483
6832
1908
5762
1527
6271
1649
4914
86
6248
6434
2836
5708
1663
5519
4021
4287
2325
4508
537
3316
884
6835
523
5690
4719
6666
2032
3637
7556
2064
3385
781
3184
5350
7292
802
4165
6164
2747
2872
782
6831
415
4489
5838
2342
6644
5961
3029
3539
8297
952
7614
523
1999
7444
3551
957
5859
1989
4492
4093
1121
1274
6918
2669
816
2457
2105
3602
988
685
6305
541
8325
7516
748
4839
7197
2292
3336
7565
6491
7041
7437
5228
5921
5889
5080
6811
5180
8435
5704
5722
2875
5568
2542
1033
7686
3932
2976
1345
2520
5709
4088
7675
2947
7656
5225
7145
7122
7592
4320
2074
1178
7637
3568
6602
7495
5127
2349
3759
2135
8339
1176
1492
4070
5693
2520
1540
4482
538
1166
4459
3617
324
8497
7354
5370
7860
892
7180
894
3527
1906
7814
3151
3596
2005
3603
3073
2245
3593
4361
4786
6616
4864
2448
931
1369
7637
2571
8129
2683
7340
2753
7482
5672
133
8274
7358
666
3390
3471
5149
7849
7243
4335
6864
1940
5748
3377
4007
6232
5560
69
5591
2553
5940
2345
6642
6884
7444
5444
4079
1018
979
7762
1866
7691
4802
8484
4592
4901
4218
7446
4451
3086
5380
2952
4547
5198
445
5734
6540
6361
2662
7153
3050
182
1681
2678
7068
3322
7454
7574
5115
6822
4503
5593
3623
3451
8182
2953
1728
1742
7705
5538
3715
4892
3895
2814
7268
6278
7934
8394
1267
7215
3516
3983
6176
5450
8268
3299
7422
1540
169
1222
15
1140
4137
536
7969
4414
3728
6522
5511
4147
3681
1336
514
8402
2913
2
2449
7403
3563
5588
3088
3318
8252
7826
4531
5071
5412
4630
5181
1426
7908
2147
8415
1404
2937
1421
5050
3729
7606
1220
2976
6145
6558
6002
6164
5427
5174
1971
7916
2139
7643
3891
8230
820
4078
2551
2041
3590
1164
7266
66
35
5085
2335
4096
7672
6633
4798
6848
198
2983
4479
3353
2102
8422
6684
8673
4508
1601
2832
8278
5879
7634
8203
5698
6110
167
1602
3795
5128
5711
6182
5704
4052
214
2925
2468
7324
3598
5628
3467
5279
2565
5553
4378
8292
6719
8671
6205
4592
3618
161
6081
429
6743
204
5908
3131
507
1918
616
8321
385
5495
7430
8554
5736
7695
6354
6566
7544
6983
6796
8589
4928
4127
1673
3875
5238
5195
6418
2069
95
3904
4223
5285
5961
3678
668
6878
6191
7321
2175
6492
598
6896
7169
6966
2898
4619
7828
8458
6856
3984
7506
4356
40
7639
1830
8407
7865
2563
3004
7451
8783
7288
5045
5989
1372
7467
255
8441
4820
7470
6795
1919
5994
4237
5487
3017
5634
7714
834
5447
3343
3347
1583
7667
2973
8676
390
2948
2477
7122
2810
6834
1870
3013
7981
2719
1690
8090
3669
4699
186
5327
7091
6241
5347
4666
3346
5445
8381
6409
4281
1885
6488
1012
3658
5428
4137
1091
5976
8856
5931
4492
7705
4816
3559
34
3456
1463
8168
5346
798
4326
28
4960
3783
7167
4917
4133
8302
1329
769
3287
7777
1275
5830
8611
6933
7412
895
752
4288
5048
893
1150
920
8736
4897
6089
402
6448
5127
8483
566
7239
7188
3024
7300
8165
7541
7681
3604
6653
3224
396
3679
4932
4141
2411
2564
8807
1698
1442
4603
5552
3853
1994
2211
8820
5021
7712
7222
1024
3925
6448
8300
2327
8224
905
3815
4345
3794
3512
961
6840
861
1105
3802
2494
4608
836
3425
4041
7360
6937
6967
425
1286
7063
8593
6095
7884
6631
7520
6394
510
8499
6675
2387
8879
1622
3734
555
6652
1367
4577
1132
6090
2261
5014
6582
1165
2659
8662
8701
3667
564
8279
4098
8728
5503
3583
5792
7444
1364
8042
47
1727
1340
6806
6375
2079
1022
7401
8248
2349
7270
7070
6058
1855
809
8782
3732
4990
594
8911
894
7087
429
1848
5144
1939
7087
5080
6491
3467
1210
5019
6755
6082
3892
811
2360
3161
7161
4077
3141
2169
2245
5675
1253
248
3789
8233
3946
8859
1865
1242
1165
5101
3528
5676
5770
5779
5738
8807
4068
465
3011
8200
2984
7044
2716
2818
294
4011
6707
8474
6510
7768
3684
988
2387
6018
9071
4063
8403
8093
7768
5216
5873
757
2892
4622
7440
5863
3496
1441
1160
6281
4306
4041
8327
3945
6921
6870
6983
7708
8225
6395
214
6809
7851
8882
7698
3032
6459
6326
1544
7545
4333
6119
1436
5641
8855
5416
1686
5392
865
4997
2644
2699
4829
7576
2931
7149
5466
405
2884
331
5540
4474
3231
8550
8971
2692
6523
4690
3073
8549
7249
3324
8832
5022
649
6669
7239
5419
8989
447
9027
7581
5875
6719
7892
4795
2527
9114
5854
5232
3611
7145
770
6468
7722
3806
8050
3044
3303
3480
1295
8852
8609
7997
6303
6966
5837
4685
1668
5705
7136
5890
8991
5445
2452
8589
7858
1399
2804
7693
764
5666
756
4417
2132
1994
3429
1849
3395
5436
4400
6680
3054
4165
216
186
1516
7727
8550
3736
709
5349
2795
3030
4323
4823
1310
1185
2444
5254
553
7260
2182
1977
1819
8611
7226
3821
2951
6240
3077
17
375
4255
3516
1021
1353
5782
8304
311
7760
3686
2114
1010
2268
1253
8794
6215
1641
2965
6097
1236
286
5755
7910
8719
2496
4631
3187
5473
7450
6719
4201
1051
6825
845
2739
8897
6314
5094
6779
7054
7923
4475
2015
4238
4050
8062
2112
4502
6161
7680
6881
34
5029
3610
6572
8646
2229
4929
8645
5633
7315
7393
1363
5987
4447
3352
4441
4198
9263
8034
4607
5902
129
6898
6466
7685
3548
7944
923
2226
9264
761
803
1088
8771
3692
4097
6485
2043
5790
6607
5739
5215
6884
2520
2459
8416
424
7680
5882
2027
5743
3061
3341
2227
390
4551
6853
2453
4377
3462
8263
7335
8496
4301
8807
6776
6956
7672
9175
8091
7034
341
9138
5514
4532
9075
469
3866
9092
4980
9002
1871
5189
8221
6529
4035
9112
1246
7527
2619
773
4455
7934
1968
7255
7562
3506
5915
4079
5045
5678
8823
3222
6905
3378
2274
5982
153
7146
1058
764
5543
5137
7058
4349
1406
5374
8470
7042
3838
2669
8221
5563
1460
7544
3451
6930
1516
6966
3181
8004
1324
1087
2013
5334
3863
2386
389
1880
1638
6971
1373
3249
9062
8012
5039
5116
610
6148
8262
820
535
2054
1372
3466
8336
3048
6441
4166
352
3382
707
2035
2991
7531
333
2561
9465
8239
2287
7725
178
1335
1335
2083
3755
4119
4340
7327
6201
7001
6784
9111
4406
4479
3301
1345
5940
849
7005
8699
7817
3113
5783
6538
7295
8335
2123
9474
1278
5327
3040
3544
2214
833
8860
6768
2921
5770
8485
7158
5399
1390
6502
6766
6080
4271
1736
8885
2639
3250
3694
3047
1176
2241
1507
4293
6371
4185
4424
1348
9156
5285
7959
4300
8612
3515
231
2332
155
6730
5728
2205
6861
181
6481
2626
817
8564
1189
5221
7474
8496
3200
8185
151
4392
3151
3371
2661
5230
7993
1570
2907
985
2025
333
6675
2976
4854
9333
7518
8902
9462
3069
8718
5968
4425
4001
7179
5727
6209
988
5021
6628
2713
1015
723
7280
9457
52
8068
5965
8926
963
2958
8123
172
1507
330
1127
5058
7367
1557
3027
4889
5748
7123
3786
8727
9530
3716
3148
2226
842
8945
2106
3532
7165
1136
6844
9428
9218
3768
5145
6991
7184
9376
9594
5404
3679
5235
1165
7965
7184
8125
7078
561
5273
524
2642
4894
9330
7515
7129
7870
3635
8217
5779
5979
363
164
4706
9142
4224
6665
8815
4541
4594
3270
8802
998
7982
5481
4007
8800
3978
7944
8733
533
2986
5131
1801
6416
9253
7466
4073
1307
7530
1239
846
284
4795
3275
2703
2010
1512
3782
8369
9196
2641
5302
8774
4203
9172
646
8349
922
6186
5508
176
2784
8214
2875
9192
776
60
9349
7754
3897
852
4769
3665
1663
7443
1811
5564
6604
3910
2431
7807
425
2579
8323
5329
571
1387
838
360
8541
3412
5830
7086
4416
1963
9403
8280
6097
9080
3479
2707
2393
5900
1470
8896
6665
3048
2603
782
7861
1233
4669
2483
7839
9067
1294
6212
6375
9705
4567
5356
7179
8920
5694
11
5616
2037
2521
1908
4815
5119
3300
6205
3364
4767
1118
8180
4533
8899
924
1490
7527
7786
4310
3640
4201
9105
9154
4400
5810
8234
4037
1827
8475
1823
805
1734
9008
3122
6418
497
5388
5755
9101
2628
21
777
7664
1020
282
1350
2464
8998
3319
2121
5787
1985
945
8654
6768
6489
3031
7039
6433
3180
4630
7350
8307
8040
1367
912
6606
7332
1187
602
7995
3173
5299
7739
872
6623
2839
3176
9131
9097
5138
2957
6674
1271
4546
808
8141
9574
6930
6896
771
261
3751
6309
6138
7655
5520
1614
287
380
488
3654
4416
2190
2687
3908
5429
7505
742
8455
8899
4015
4807
6949
6691
4839
7695
542
4351
6717
1520
5939
8480
6225
5847
7461
548
33
9808
5868
3733
671
7184
8935
6497
9210
7043
6590
1889
2812
2040
9590
907
366
2507
3592
8514
8933
2178
8814
5518
622
1150
683
3344
3550
8758
3937
5948
9897
1932
8403
3196
572
762
5075
5163
472
582
3099
7658
5198
5899
5702
5888
3572
2612
2671
1220
9787
233
6226
776
5039
947
7891
6061
4635
1493
4139
4408
5036
4330
5225
8121
884
2529
6185
8782
4153
36
9284
1750
2063
6872
1697
9144
472
1693
2228
5875
4575
3356
8826
7762
316
8082
4946
3497
8212
1155
7825
2660
9739
6026
7287
4709
4469
5298
3188
161
9134
5447
9809
4643
3361
6509
1755
8100
719
6973
6327
653
2150
2814
3227
7167
10002
2642
1035
4795
7956
2263
9295
4573
3933
6058
9822
8411
7795
200
2015
1843
1853
5046
2243
1974
781
4423
492
7413
7424
8011
5501
5549
3003
372
8186
3266
1972
3615
8931
1641
7401
115
685
7003
42
7594
8873
9528
828
644
4997
9374
1164
3897
5422
9179
973
6033
3888
8700
8491
8666
6093
7501
8579
8419
8192
8532
6999
4548
8391
2653
5025
3358
2122
2631
4109
7995
921
4559
8514
5800
1044
3247
8336
9178
92
7388
2790
2077
2125
2177
6205
717
132
772
3796
10013
5194
7439
6035
1876
3648
9927
980
8462
3896
8663
3706
908
8736
5195
1379
3132
1315
9181
10080
7773
8508
7549
253
7453
4235
3353
6268
7742
9654
2430
8840
4140
4800
3336
7614
5771
4462
3437
4485
1600
4019
759
4784
7161
2262
3124
705
8417
8988
6612
9481
5148
968
2428
8625
5904
691
6293
6355
4306
4453
1938
2010
1646
10154
4538
5335
574
495
3036
964
8632
2055
850
6833
4410
298
7421
748
5251
5919
2388
1090
3879
3716
6857
5467
7320
3243
8825
804
2117
9632
7171
2591
4471
6130
6676
7589
5057
9265
6528
9224
4505
8108
45
1414
6125
5047
8329
9313
8158
8830
3418
7417
3299
7810
9038
9619
4639
4902
8327
1939
3898
6093
7315
7292
7258
3811
4477
82
149
4378
7584
9746
4100
2958
666
7385
5059
8457
7503
4136
5010
458
4222
8472
9932
864
1456
1242
3100
8177
10175
1348
8141
4642
9951
2669
7472
3936
4350
9789
10007
5084
1911
8336
4959
9502
7855
6059
4410
9011
1691
8971
8173
9318
766
10241
6056
2924
8963
9508
881
7214
2106
7474
479
9700
7807
7752
8357
2771
545
5905
292
7669
5573
492
58
3689
3466
919
4754
8346
7616
10066
9060
10161
3409
6072
6420
6102
4589
3351
9040
1565
1257
10195
1674
7527
8330
9533
3616
9790
6709
4387
8674
2729
8931
5877
3494
2185
7374
6583
3031
7237
4991
3760
5721
5704
514
1509
7891
9946
3173
2236
8371
9747
7648
9860
8151
7818
5744
5281
5143
3610
1686
8799
8443
739
5038
2297
7506
5839
5640
5747
4933
9391
2100
25
3391
2782
6907
7481
3251
9236
8233
2926
4605
5901
4296
1945
9613
310
714
3130
9110
1312
781
4977
8884
6701
1873
4920
2057
4822
5378
9273
7321
3115
1626
5557
9784
2924
6474
6052
2028
4324
5040
4059
1798
9778
1805
6662
924
7880
8222
7579
341
7627
9419
5808
824
7052
9939
5322
319
1421
2413
6294
7363
644
8165
5692
1660
2989
1525
6037
1254
6588
3652
6287
1916
426
640
2720
6748
5669
5664
8301
8906
6854
6620
4659
3175
7346
5228
5164
6980
6629
7141
3919
6406
5845
7734
5437
10042
287
3886
7225
3457
9991
1164
531
6811
1094
8395
5822
8558
2419
7541
7874
7142
10437
9551
7320
602
6465
6540
8027
6262
7261
1417
7100
4132
9797
6416
7400
4898
75
5466
466
2788
6225
982
5218
2303
8865
9041
8810
3082
8183
2669
8336
387
6487
10228
3080
1699
1514
1456
2991
921
9187
4268
7426
3688
2421
888
9142
3670
9455
5741
7820
3932
2263
3689
2195
6651
2274
6990
2914
8442
245
4281
7540
7646
4667
5100
8362
4895
6873
93
7518
200
2315
7518
8529
719
7178
962
6242
9107
8580
1236
7022
8502
4770
2293
6459
4027
3779
3688
6491
4206
9473
241
6490
9552
8924
2397
10039
10374
73
5360
8693
5455
3574
219
5099
3189
9493
1332
1996
5713
3025
4756
6710
3163
6882
7426
594
5611
5369
2486
3595
6945
3988
4820
2772
8562
8611
5746
10327
5460
1670
6771
1796
9768
9694
7849
3717
3093
1771
1707
1369
6908
455
2881
1969
2959
206
5498
102
5128
4939
8455
1549
944
268
6027
8170
3645
4906
1131
7745
7968
9889
10318
10571
6633
2593
224
10388
1612
1026
7637
10521
2257
10640
9560
8497
6561
7461
652
10532
8352
890
2156
2049
5480
129
1737
6952
1973
10358
9349
5455
5114
2292
4874
6037
6892
7535
8385
2103
6241
8606
9182
535
7385
1939
10399
3798
962
1692
9633
9122
1873
2975
10586
3253
6790
6214
7852
5937
6927
4537
5650
9025
3252
4129
6090
2729
2296
3005
164
2690
3011
2225
10117
4219
5943
8456
12
2023
7989
3356
2739
7176
8811
3623
2406
2094
5456
8732
6927
747
7699
8767
3777
4046
4161
271
2179
8300
2842
3022
737
2382
10623
7091
1753
7476
9297
2046
8576
9515
713
6755
10062
7185
10411
10580
9873
1604
10586
3943
8935
3212
4913
645
1682
2895
7620
8262
2500
1252
8558
9858
9466
3685
10740
2102
9953
9958
8110
8536
4968
6566
4729
3273
2339
5350
5138
830
8413
9425
3597
98
2091
6256
8013
2245
8021
8921
8
7814
10479
8580
6247
3779
3344
1765
3414
3939
6336
3697
5853
5083
3179
4213
5784
7559
1805
1905
3105
841
5678
6799
2523
9034
4660
3420
7397
1157
3553
5779
7078
8539
6006
4378
4306
4511
6550
9070
10138
6373
8392
2911
10217
2038
9713
9886
5925
6493
5477
3021
759
5410
2355
5205
3117
6054
725
1070
6989
5400
5505
4693
6940
8005
365
9704
3296
7055
2308
762
1544
4932
1998
6486
3853
10524
5945
9666
1912
3588
3031
8316
7912
10019
1311
2980
7830
173
3065
3879
1319
10058
9285
9760
4248
5381
4312
2389
5479
10194
10244
1559
904
6611
2397
7758
9695
8408
10790
5107
10907
4121
1144
2705
2916
150
10915
2663
8746
10233
5751
1913
2342
5559
1615
5710
8012
6617
5398
5687
336
7635
3662
5822
8498
10024
8376
5436
2445
3563
10228
4781
80
7741
5764
689
5624
3528
3105
8485
10201
4183
927
6416
4812
8999
7382
987
982
9029
9371
3223
9762
5113
6054
5479
9622
2530
2803
4570
6535
4050
3601
10045
9086
501
3257
7495
3492
9931
7314
1567
2298
4577
642
3486
4889
6962
10672
4315
7397
47
3263
3883
4348
10542
6417
7907
4429
666
7326
1224
5091
7000
2329
5166
6465
2458
8042
7904
3725
9396
180
4861
7188
10228
1613
516
7763
5401
2351
865
3140
1411
3778
6297
8703
1739
6400
8397
5505
5670
9246
4618
723
1530
379
1545
1768
9481
2526
4738
6007
672
5726
2757
6797
8508
4142
252
9307
8761
223
622
8392
372
6109
7488
1802
5608
7940
10886
192
3059
715
6566
2884
3695
2263
2401
7201
7530
1809
11083
7167
10046
9927
2914
10679
3304
2571
7524
1402
4026
360
9578
4375
6290
3900
1732
9895
5695
7291
438
7073
5024
5426
10466
2332
10299
7520
8708
6751
5124
2834
1842
5991
3737
3596
9529
284
2578
2176
4145
3198
3528
6588
8128
9765
7045
2466
3198
1178
2409
7392
6358
10094
10432
1910
8098
7238
3491
2955
1605
6242
1488
3777
6478
3040
8776
2106
4983
7187
4552
8362
4127
8222
1637
609
3749
6897
11018
9508
3611
3263
10254
8557
10359
6924
294
2686
10654
2930
8222
926
6349
7153
9210
6237
3821
4066
10546
3031
5186
4455
1637
231
8009
1843
1338
10534
8380
8536
7544
5114
10208
1053
9582
1988
6279
4561
691
4167
7851
7994
8531
6718
1246
262
4807
609
6330
779
1830
8067
9284
1936
7695
7568
3719
2679
9841
7030
15
10222
3926
2604
7017
10185
2959
9425
2407
1694
1217
6519
8493
4330
8700
4904
6099
5565
1456
7209
8298
7880
2188
11027
4574
10559
5508
3098
8809
6213
2587
2195
7276
8080
8729
1690
3921
8995
5013
592
2267
2272
6859
700
710
10133
9031
482
11103
2648
3211
9589
1576
8849
2050
6944
9743
8039
4297
3383
9671
11155
3654
7062
8114
7511
3426
7588
5146
10544
9479
5637
1369
9319
4698
10926
1342
4950
7233
10815
574
11178
463
5336
7631
1007
8063
5620
4640
67
7684
6887
3555
2134
4650
7627
10068
6480
1466
10605
979
4428
5989
4255
7612
6457
5080
3231
4731
1933
10732
19
2081
11148
11002
1180
10387
7725
9286
2769
1779
1115
8866
6088
1554
9966
2819
2591
6402
7585
5904
1855
4334
3368
309
115
559
8145
9755
10823
3912
9543
4453
2189
5625
1427
2113
5974
1540
2613
2551
1950
5402
6267
3798
9388
11367
820
340
1583
7210
7492
4238
5134
5671
11066
333
5867
4633
1362
7599
8664
5181
9284
8466
9476
3791
9403
351
1272
3569
6879
2956
8891
5391
3586
9676
1330
9974
10585
9429
5821
385
6859
504
4813
2267
3673
9779
2826
5159
6848
6483
5882
1090
1091
932
7227
4409
537
219
5993
1104
5490
8496
293
8984
10959
5383
5808
844
684
1596
5547
1898
7147
3866
6851
7109
8955
8109
3022
7470
7117
7468
6024
5023
5574
9761
10731
7296
880
5815
9299
7790
7029
9460
588
7244
7411
4529
5714
768
2216
10389
3015
9726
1652
8836
9990
11301
1972
6320
9638
9640
483
2713
9683
4701
7686
3864
10145
7086
5575
2442
9195
10965
10973
3189
2936
1385
10469
127
4191
6730
4143
2253
9208
6635
9287
10719
9659
7039
3714
5860
1522
814
9208
6641
10829
8343
2187
7631
5422
10649
5974
3389
6442
174
6530
2637
3008
9553
421
4310
4057
398
915
11028
6536
3431
9632
3741
761
10582
7278
3513
6637
2746
6067
11286
8493
5284
10593
6800
4135
6738
9865
5295
4018
6604
3134
3430
10146
8073
929
11202
7707
10920
6917
608
4351
7671
10309
9731
5190
7822
3249
4433
11185
10531
9054
11423
5744
7393
6732
7409
9827
8969
1983
5938
962
6045
508
1946
9591
9194
2191
10699
1152
1707
3855
5829
10534
6564
6229
1622
6365
3271
4234
6616
6652
4271
6251
987
575
4490
2455
8014
5372
7936
5568
9764
3299
807
8607
1169
8441
8373
9021
5745
4440
5402
1082
690
6881
9391
950
2150
1647
10778
6869
5000
6390
4414
11099
3864
7509
8509
10615
5478
6857
10335
1295
8999
7442
8195
10695
4374
10490
8096
6976
10452
10997
10654
714
5894
8374
6472
2551
9071
5
8127
9048
1042
8589
4861
3194
9936
7491
11471
8397
1149
3807
6711
20
10883
6983
3901
3600
3577
3510
9915
6097
6252
10381
11301
11195
9410
5871
11360
6829
7034
7799
10213
7736
11468
4817
9852
2022
9272
2145
8077
8641
5976
4421
6189
9447
8556
3186
9976
6650
4783
2041
3770
8442
7213
7972
6079
4406
8763
4971
327
7871
3131
11153
2113
8257
887
3357
1214
3001
4447
7664
1860
8413
9008
3112
9452
7704
6664
694
9791
10522
7011
8167
9897
5439
1751
7191
5154
11588
2590
797
5878
3988
10867
7004
1826
5141
10550
8239
2826
94
7902
5933
9815
2293
1896
1747
417
5365
503
3264
3109
7793
2465
10069
11286
2369
2356
8453
4267
649
4072
9365
3098
2159
9246
4247
1322
8000
6364
2595
11585
11125
8096
9164
3059
6852
7295
1504
7803
5711
6286
2300
9356
7523
8246
9726
9938
2741
209
3868
9141
11514
3082
3074
11108
1316
4962
5591
10307
11728
3398
7414
9861
357
5172
8622
11241
1675
2786
137
3383
3903
9327
6750
3568
4354
1028
6632
11379
6089
115
10828
10890
5423
980
1227
1148
4779
795
9941
8596
6491
10504
4231
7945
2112
2599
240
10868
1270
6930
4059
7697
2772
8569
1252
4392
4938
5923
2632
8488
6542
4836
10707
504
2713
8873
793
5287
4217
7055
730
5819
2846
6662
4277
6621
8027
639
5994
6012
2365
1025
7126
2080
2385
1066
105
6116
11050
10481
1392
1473
7883
10485
5312
11021
1998
9205
2759
3297
2779
4572
2117
11146
11467
5265
8347
11348
65
3621
3969
6755
6469
360
5405
3170
3742
7804
6011
233
2029
8078
9623
10259
3653
10006
3457
5445
11077
4632
9871
7028
4435
9022
4777
7924
3508
10452
1765
3281
2147
5273
7579
8429
2374
3323
433
9420
2799
7234
1866
3064
7006
11222
9845
6466
7382
9140
1922
6217
8189
10686
5961
4590
7621
11340
376
4607
7693
416
7268
11547
11306
6239
4781
8699
1878
9896
2001
11065
9639
8751
2743
7577
9144
6901
5376
2223
4568
3307
2968
11563
10513
2445
2640
4884
2716
4266
10575
6368
11736
1591
1680
7236
2535
3949
11049
1807
4406
10069
8101
8023
11714
65
4079
1667
9291
6501
7740
10805
6724
11258
7846
6217
4278
7485
9684
2512
1364
2075
8989
1725
1946
6250
7128
245
8828
3377
845
11808
4718
701
944
5423
4737
1090
2368
5824
9535
7967
8863
8806
7837
2073
639
5833
8233
2486
2379
10008
9174
4438
4310
6422
5929
5327
4955
319
11429
8876
11373
11981
12042
9680
9759
9903
2537
775
774
6413
3906
1907
2089
10811
3135
1349
2939
7627
3828
545
10507
601
7850
8167
5341
2436
7288
653
8434
1536
4458
7854
1655
3331
6182
6820
6916
8769
9011
9715
303
2545
11428
10118
9095
1716
9102
4878
1082
6446
10871
9169
1139
1904
6463
2824
4607
9186
10467
9134
609
1869
10058
11517
4941
7564
9873
4250
3355
1395
10539
10878
6239
6071
2404
4567
4204
10476
4460
4784
10726
744
2939
1487
9742
7859
5304
8709
2468
4495
8533
353
10649
6771
1796
5624
3123
7071
5624
8230
12200
7843
1091
7030
523
11981
11865
2925
2376
902
5980
5131
2501
2660
7037
831
4869
5779
8391
3063
11742
3614
7233
10731
6522
3185
2937
4672
7420
8285
3003
7736
5389
9228
10471
7923
2069
10469
4026
4051
11425
10026
4430
10437
6300
8124
1901
945
3003
9515
8064
1608
2739
4172
8613
9490
2633
4641
5498
9271
3465
2574
3441
226
7330
6774
9738
7971
6443
10585
6309
6539
11940
8947
3650
11598
11610
1219
937
4693
2526
2014
3617
4073
11313
1957
415
7679
6867
10349
11241
3418
6565
10129
8170
10784
8826
918
1047
3113
4657
1547
8605
8909
9543
12229
10097
2653
2016
4505
2358
7825
2481
11575
7208
9990
6568
6596
286
9239
4797
6261
4478
7466
8182
11355
2369
923
4589
11795
5329
12179
9865
4913
10916
11014
1712
4145
8176
9274
253
7302
8328
8869
2138
286
11625
7234
549
6553
1965
9952
10987
1074
956
8051
6863
8022
6375
4233
12155
561
792
8142
6472
3673
2137
4829
9718
256
9064
4557
11673
222
9162
9059
234
1716
9522
3973
5560
6374
4677
5819
38
3262
9872
4670
7007
9604
3375
4028
4441
4054
8608
2942
9587
1917
1339
1013
3
1404
9184
241
8267
12337
9701
2065
2139
12123
3326
6538
2023
3984
6888
2201
12342
11908
12051
5318
901
3172
2811
8186
6703
4440
12409
10222
8338
7813
9872
7702
9970
4833
11223
10652
11680
5753
10377
1365
9745
10000
285
7765
5790
487
2864
2329
11849
11966
3985
6805
11740
5581
7789
9487
4173
485
1125
690
11338
821
3580
5313
5848
2979
330
7885
10333
1794
4966
7402
7683
9514
2744
704
10650
8329
961
8928
10316
6465
5730
29
7572
10855
10226
9429
9455
12286
2441
9835
8908
11693
10348
6543
6650
6091
7236
7992
4751
1184
11178
2148
4508
8044
6967
8567
8127
4378
9876
9703
10747
3701
4068
9820
6064
3598
4122
11521
6870
4701
562
6273
3310
7548
2877
5226
11230
6541
6817
9196
10116
10954
8723
9149
2761
11476
10506
4766
5204
7916
6986
10397
9912
11362
10660
8548
1945
11522
10016
1706
3891
11775
62
2467
10139
6778
1130
4490
12104
8495
1354
11800
6731
195
1035
816
1383
3540
11525
10635
1063
11139
1113
9505
6054
8210
10115
8527
7492
5968
6120
5379
11561
10528
2390
10530
2291
11001
979
1467
9971
8517
9133
5338
7978
10246
4534
5390
5496
7829
6150
1133
11603
118
2620
2594
1707
9624
11811
2317
1823
12396
1397
9645
3228
3680
9085
5844
2847
359
12103
2909
1489
1792
6773
7450
3801
818
11664
5887
1483
8526
8838
4310
1459
6837
4052
5272
5892
1052
9997
10750
6831
3848
5526
6923
7015
4238
6514
2626
3030
6798
7479
700
1759
6383
7520
2593
2384
9754
7884
374
8258
853
6599
3895
12646
5254
7157
2329
2779
3242
10436
4369
7696
2048
2120
9532
152
5111
5468
8521
10312
6373
5473
8443
2216
7466
10713
10541
10338
1492
4081
3389
1551
739
8090
9369
2051
10538
7377
11065
11429
2693
7056
2991
5070
12208
6242
5968
8632
7824
2651
2370
1296
3510
6731
9204
3283
6956
11508
848
1693
7094
4380
9583
8860
7031
10961
10543
9222
8899
3323
4511
7610
1665
9494
8197
10413
8767
1860
926
4297
864
3366
12148
9121
9562
4699
7240
6075
9751
6577
7795
356
7051
1266
4862
1494
921
4021
4283
2939
993
9769
9343
12
3253
548
9082
2465
7014
6563
97
10834
1254
7963
10070
12703
2749
10784
3405
5275
9212
9464
3378
8433
5795
6584
8452
4452
237
7968
3918
2739
7670
7512
10585
5130
9553
7419
4195
9091
10599
12512
4868
11664
4395
8687
5455
10118
9193
8269
1247
1502
11845
11653
5205
6137
10678
8304
137
11317
10117
11619
1128
3868
884
1860
6167
7870
5532
2290
7455
1956
10572
543
6536
6253
10232
12379
7336
10448
1727
8463
2698
6110
1112
10935
1777
9923
10865
5508
9512
3977
9888
8617
7287
11401
9494
1360
6497
7920
4342
2459
2000
6755
9928
11094
9157
10526
2618
1391
12240
7751
7428
7420
8772
1793
7936
4914
4921
9679
5836
3554
3175
8055
9914
9254
3262
4159
2478
10431
4402
4015
4056
4585
4213
9021
4595
1747
8790
6151
4290
9797
11375
2458
12047
6031
945
418
3466
11392
10279
4908
5203
12276
4956
1291
3243
4644
2906
4797
10226
7499
5112
7345
11507
3308
6751
12030
918
8435
5633
3825
10307
12440
7335
4953
11284
2536
10020
12268
3248
12486
6569
3539
8504
11526
9953
5886
2404
9027
11205
11908
5650
8111
10873
4288
6715
1371
3264
5695
2866
12021
6706
12204
11491
12577
7259
12719
918
10423
5250
2786
7097
257
6105
3854
9731
862
7275
12939
4534
10550
9898
4976
10272
4757
6541
4116
4926
12195
12794
1134
9902
1951
111
9678
1816
8879
2134
8377
11903
7199
11776
4787
9207
3598
5890
9195
5187
1701
10031
10714
8985
10664
11622
9127
2519
10034
9940
11912
2348
10906
7123
2073
5630
4317
8798
9572
3036
7608
5881
2754
5889
8470
8704
5613
10383
8885
8175
5123
9776
4295
4214
1689
2050
11
1925
6409
10575
4185
5026
6397
10177
6693
6615
1850
10282
1048
9499
11977
5840
11083
4934
10507
8312
8492
11049
2414
10087
5185
9593
8317
6677
377
5891
11997
2621
10602
1943
3373
8163
12321
7113
5898
7564
6591
9203
3586
5285
9855
7020
8335
12449
744
11863
2280
147
3407
3867
7671
7733
6455
1483
1106
498
1779
5024
3100
4851
6902
2480
1348
2325
1761
10898
4656
7073
8809
8973
9128
366
12608
12201
11968
8119
12667
6150
5691
1788
4512
10467
6692
6206
10224
5611
8248
6448
3896
3742
13069
9997
5816
8223
10193
2750
10560
9277
4720
1007
6655
12765
8229
9006
8934
437
8515
8855
10118
1289
3614
11329
5408
8889
9373
10314
2647
7219
5809
5523
5046
9855
11323
5269
12228
2106
1850
8434
9831
5577
9128
12191
5743
8487
4490
9599
8312
9506
3584
2037
333
3562
4931
8011
8491
8063
4800
3898
9324
731
500
7619
12546
2160
9727
3713
281
12334
4747
2671
547
11192
8060
7062
10795
5299
10447
585
11424
10717
6938
11816
7952
11535
6335
6214
12513
4685
6936
7076
10349
921
4443
7967
5190
9820
2829
10697
6584
744
8149
3204
9646
6450
2487
11854
10690
4677
2048
1023
8125
3665
3375
3273
10397
3157
10703
12557
3159
9452
5413
7376
7890
11044
1076
4538
3039
5596
8638
10017
6402
1377
12251
3615
11698
6517
4288
9331
10534
2353
3452
2943
8446
12646
3418
6015
11462
3393
12957
6581
4658
1185
8165
8216
1278
3607
3440
2059
8994
11446
1896
9446
10486
12256
6187
937
9235
8824
4461
13168
9316
2913
13061
11108
4480
10722
6752
4955
4354
9253
11579
7059
9750
1981
329
11720
2535
3412
6607
9855
10733
7828
11518
1967
7199
3914
8583
9904
7262
11017
3652
5485
1688
8758
10763
9854
2846
6539
667
9709
8438
3464
291
6717
13288
5991
3581
9198
11687
13279
10800
10432
13157
3720
6482
1030
2136
6151
5799
7792
12133
7451
6994
11012
4385
12456
6741
6325
2202
17
4079
3575
8690
5122
6230
11221
6836
7337
4401
293
4828
10558
3637
5943
304
9690
4785
9476
9032
11481
6170
5791
3357
10337
3135
5569
10743
12621
1374
11211
5612
8002
12187
7723
699
12746
13411
6804
5134
7445
3025
4002
8281
720
7448
8129
8662
5823
2293
10919
12212
13197
59
8595
2090
5736
6404
7934
2063
10744
10511
10359
13267
1611
11500
3477
1996
5626
3468
10609
2374
7994
9885
11754
12257
10120
12091
12828
11505
463
5153
3514
5608
6022
11907
3947
5908
3836
9555
2659
308
3956
385
2580
1894
11195
8674
10573
516
10090
299
5153
4413
13023
1565
3155
5923
13357
7566
1663
3190
11131
8965
825
1153
1810
11355
8518
6229
7798
10059
8144
3926
9363
6093
6910
7406
7320
11566
11727
8738
13280
10601
12448
4913
8417
200
11004
8048
9396
9184
413
12921
2259
6980
8934
7555
5456
13021
2684
11517
611
606
12397
60
7625
6515
9484
7865
1077
3722
6311
11741
9124
11528
6355
6110
3086
9018
5828
11449
10849
7014
12525
12133
11733
4798
6346
2289
1708
12963
5656
7628
5416
10984
12563
257
5617
11174
10775
11874
795
4816
1402
447
3961
4227
13553
9201
8003
4230
2023
10481
8361
8021
8948
10852
9374
5025
11169
9801
12185
2785
239
1281
9662
11091
9590
9408
10488
9819
13408
6375
1955
13407
6927
5216
1925
12563
12995
2429
9942
303
2330
324
3282
7102
12154
8770
7336
9865
11271
3777
13059
11275
7940
1101
7793
1404
7131
1038
11726
1519
1687
11272
3137
1395
12989
12398
13480
9577
126
12901
12973
2224
9997
6243
10443
1192
11611
2016
9078
13170
1060
10407
8201
7376
6671
11148
7704
9942
7863
9683
13324
600
7637
3128
13340
12768
11970
5938
4044
11973
6285
8326
4697
12550
10789
9292
12954
7315
5790
3902
10054
7975
2674
8634
12841
12374
10457
107
6903
1508
8215
11259
9233
6414
10464
5653
10826
6317
8106
245
4750
7902
7762
3814
3329
6102
10604
9759
7377
10301
12042
12343
2799
10635
10396
2136
9366
3511
1286
6991
1650
2602
11714
11208
13114
3298
2796
186
9156
5626
8564
3361
9460
6221
8705
3613
8381
3223
8403
10031
10717
12349
4993
8916
6387
9843
11977
5215
13292
11909
9347
6523
12321
8466
10284
6351
8442
6249
6468
12229
12436
486
6991
1877
654
5869
5838
89
6859
11266
13727
9651
12439
2759
3524
13393
6369
3463
10112
5839
7458
9350
9213
5980
11590
2136
5393
8727
2154
8279
13765
12440
9496
8992
8035
10747
13424
6778
6651
11952
11200
11452
3090
12905
1727
9497
629
4932
11184
7781
7898
2977
2696
10168
7136
4832
5211
10978
8827
2941
13101
457
5471
4390
8397
11041
3487
10780
7789
5269
4110
9256
1269
13226
2490
10248
4576
1516
187
7491
1493
1048
456
7611
2593
7090
2009
1964
1102
5730
261
5780
538
1797
2631
812
8021
1805
13659
3383
10557
12284
9419
3890
5779
101
12566
8575
12663
5678
2692
4061
4907
11896
8824
480
7762
13177
10184
13399
7510
11461
1665
13800
2003
11029
11777
9338
7537
11088
975
9335
4041
10911
7664
12898
2370
12899
2810
11382
2916
7817
1566
3131
10887
3492
5765
6691
1156
10375
4091
12854
12464
13225
2810
11658
10254
7730
11129
7677
13564
8021
3480
3567
10897
12891
3295
5085
5977
13800
11351
3446
2985
7781
9871
9659
6590
12174
2515
12784
13762
9629
4301
1619
450
5059
3769
6741
6081
1956
11150
10997
8156
11199
12906
10113
9646
11105
2429
3283
1056
3626
10811
8798
11458
2299
13147
8832
6769
4148
8139
7854
9579
2835
1961
8980
10120
10235
3835
1856
8958
169
10949
1234
2084
11561
7132
13582
9710
13704
12328
2865
11138
9156
10245
12177
7996
10087
6297
5756
8268
4730
5447
4336
5941
8931
2278
6927
9447
1611
10469
5482
6446
6070
3253
5833
12969
12265
9720
4852
4040
1604
11169
7608
8891
4892
8832
3415
11641
5963
8370
6306
10031
9020
3255
3583
8366
3286
1496
4058
2079
1754
4674
3889
7660
5085
8922
8776
954
8234
4569
203
935
12289
11524
4382
7161
2341
2832
8173
9915
1250
5549
7428
12110
1228
10983
1905
1005
3974
1648
8972
9052
3571
4654
4084
10385
6560
69
10973
1704
10976
10599
5433
1021
7753
917
8469
4165
13040
8041
5344
12551
9702
3331
8843
11709
320
10989
11445
9232
6248
91
8575
8612
2224
6631
12724
11145
10992
5856
13780
12508
3596
6263
5227
13071
12242
5672
3101
4279
11994
2206
12897
2870
478
6122
12698
8780
3302
6205
1860
5744
11889
6631
1948
4976
9512
12638
9930
8077
10050
10432
3583
126
11642
8567
8855
11402
353
10819
12957
11744
2037
604
9681
528
1207
2978
1156
5718
4682
7884
13095
7247
13753
10723
5051
6060
5420
5188
6002
2516
3542
2630
8387
3933
7243
34
10732
718
9252
12160
6080
7
9231
7993
4483
3730
11702
9741
8866
13274
696
8146
12710
176
28
8338
10985
3004
3261
13119
1078
3584
13865
2419
11356
5888
1243
10965
2631
9552
2427
8528
2564
8131
7120
881
9999
7997
13745
8495
7876
12292
7754
5773
12816
8822
7850
334
458
10860
7015
10841
3855
13946
4
1666
11660
4676
3269
1415
8624
885
11727
1175
11126
5191
1072
12581
8979
5501
12152
717
4624
584
6585
1067
3396
5051
12748
2106
9366
4505
10181
2143
2567
630
170
10375
5496
6409
13488
11229
2720
4853
5078
5094
565
8582
10983
12665
8394
398
2357
211
12061
11563
6568
1075
5753
6479
2326
4268
13865
12168
5529
13040
6836
1401
6942
752
4063
18
9930
4760
1899
3448
1967
7762
3080
10477
7304
6233
14276
13098
9604
12110
12846
12411
2553
3488
3048
8904
2746
13838
2101
4542
2324
10375
9750
5469
7170
10683
3558
103
1632
7544
13390
10799
12855
973
12707
5345
13417
10243
9910
2250
4369
10660
1356
8446
7518
10374
8611
7545
4879
6374
11904
776
3851
7312
10078
12024
3994
7535
9284
4976
2627
14192
13191
1578
7686
8176
655
12233
14088
2591
4798
6368
9269
12001
2733
12013
947
8048
5535
8507
7477
13043
13367
7690
6643
10901
3231
2626
5369
1292
9687
10781
10093
6169
12495
5854
10964
1223
5292
1653
10495
9455
3365
5386
13521
9906
1050
5662
4329
10874
6498
2909
5650
14130
8362
3156
4038
13357
5200
14295
1522
10814
6394
12721
4863
9582
755
652
2994
4524
1728
10871
141
1360
5665
3032
3279
3598
6132
2570
13857
7697
13943
2542
502
10467
9255
5495
6572
11970
4863
1092
12913
13808
3876
3227
9323
7020
4841
5673
8978
296
3418
9762
5218
5077
712
5957
11258
7214
5666
3741
7134
9050
4094
7753
1171
11327
7873
3525
3077
14347
12400
13161
10193
3285
10004
5221
13824
5688
1542
10870
6920
14209
5707
5918
13838
3560
7764
12585
3799
9328
997
2046
13994
11297
2258
8954
13512
7536
6260
11334
12825
13608
2510
11206
6281
13508
12271
3941
8574
1430
8782
14048
10672
272
6660
12646
4524
9876
13991
12897
9022
6057
3845
12171
4574
8997
13170
5329
12824
6735
4572
12614
1173
9178
8517
1848
1384
12001
7136
3606
4879
11332
1452
41
4437
10344
768
6453
1753
7713
4544
3991
10572
9248
9263
3658
2916
5455
9997
11364
11900
9275
2940
5423
4643
10717
12940
14090
11923
1447
2640
13369
10937
10380
8907
7380
1852
2416
10543
10343
12608
3341
4143
12089
13610
3019
9709
1479
10199
11820
10510
13122
7160
7248
3462
1972
5395
1694
13288
13107
5675
4111
3011
2976
10476
12071
5231
8257
43
11386
10393
13677
7345
7253
2259
7076
9384
3397
14445
7635
9677
10016
7422
2355
101
3599
26
4699
8870
1522
11557
10849
6515
8684
13202
2639
5992
7270
12078
12046
8980
8049
5862
5893
11805
11873
443
7112
13376
5849
10114
3626
14581
5033
5925
12436
14472
10363
944
9094
3520
11461
4379
13061
2069
14286
9531
11773
12867
3169
13022
10375
3872
7287
2974
8458
12273
1312
11075
5683
4330
1572
11275
8995
12088
1774
2771
7254
14557
1560
981
7788
9318
13691
5520
14708
11101
9358
6439
12454
9503
8405
4780
11147
10023
8852
8830
5274
645
4043
7230
13311
10324
6588
5135
13200
10566
71
3941
5313
10112
9418
2628
1357
6641
11603
6480
10045
2993
2808
6704
14586
7768
2365
2391
12999
10788
14243
1626
11939
12453
7255
7831
8748
13192
21
9890
1067
5232
13988
5133
5231
2731
10262
5881
4285
1357
14264
1982
8527
13289
1358
5800
9874
3530
5004
11391
11864
2704
771
5476
5956
7299
3844
8056
12215
9908
13871
5413
9643
13815
11472
3237
13949
13990
1394
5559
5988
10155
11111
1504
2850
13837
12312
9303
4409
1177
899
13956
2780
12801
9233
5949
2451
2980
3472
5368
14446
4753
4784
5120
8111
6819
9873
7668
5525
12408
8553
7631
3761
890
13064
6832
13826
10251
400
9778
6663
1530
11591
13847
8990
3961
7927
4974
2684
94
14683
5683
13233
9987
6769
14275
14599
11835
14043
10381
5110
917
11788
3324
12602
7504
13715
5352
916
11821
5118
8943
2356
9464
12207
8541
8617
3033
2157
9764
12963
248
13877
13222
605
6452
1468
10279
12627
6038
11632
6950
8565
12962
7950
3495
13648
6076
12766
13569
6933
9485
2147
10385
8830
11627
5427
13764
12495
6056
11770
662
6571
6809
3408
4893
6809
5541
11279
546
2159
1127
384
13946
10601
13649
3670
11691
7419
10253
8400
318
10143
8507
895
5543
3685
10658
4491
10336
14456
12666
9956
12522
925
3370
12910
9913
8461
5844
6108
4129
4205
11755
11343
9222
12776
8435
9560
1343
5027
1646
1310
858
10193
11438
4133
4487
7722
6686
14805
7388
1037
2577
12222
3927
6037
5390
11414
769
4227
2485
9081
490
147
7986
5072
10787
14837
5610
3330
3094
13559
4384
10977
6791
7585
9950
1842
3131
14537
15019
7122
6607
4888
7432
10808
5796
8103
11659
1255
2362
11079
8323
14401
13197
11946
8332
8729
5613
6649
8471
8164
1695
2615
13763
12510
6014
1571
8739
1275
5291
11806
14938
7077
14151
6526
2343
3824
12518
13273
11817
7003
3773
12993
9596
4420
8649
2194
3571
11955
1997
12365
11644
975
14401
9343
14855
4531
12774
10785
4867
12392
13298
11240
8981
6331
3866
2008
6816
10376
13385
3140
4422
9548
2246
10359
11289
377
9003
1960
13211
10477
4082
5147
11050
98
1350
6033
1114
8596
6981
480
896
7262
13354
4239
9732
8317
3308
4992
2452
11367
1785
7151
9231
11299
11737
2330
5936
11030
15058
8973
4562
13951
3808
4678
9491
11929
11503
2062
726
2401
5418
2796
2261
14442
2239
1872
4717
12568
13430
8198
14081
12296
3577
1908
7679
1693
2013
8881
1142
4883
4924
4983
3554
2083
6068
44
12879
2733
7866
8012
14306
8168
1511
3935
1982
5827
2987
6720
2964
9559
9772
8731
11850
8803
13838
10503
5005
3336
8172
14720
12538
6662
604
4883
1278
494
1751
9794
5684
891
5859
1581
11595
9590
6305
6944
8440
7133
13143
14598
4723
5816
12091
8575
10718
1601
11450
1332
8320
12656
13681
11484
11057
13790
7395
2359
1990
4601
3706
3554
8108
8230
12393
3703
14173
5223
14178
4437
4496
1818
4321
11967
2161
13957
9198
11551
7734
10191
5335
1183
6634
10585
13695
3166
1885
1480
14053
9557
12740
15052
2228
6433
3857
1249
4129
2352
7418
8935
1054
6151
5633
9317
14107
9244
6314
10866
9402
6126
7220
7433
8173
7272
4224
15008
11264
11176
11533
7445
10031
7554
13009
2168
7882
7955
9034
11024
480
3879
6432
8548
6662
9331
8366
1461
6044
1050
13144
4098
7619
6457
5446
1743
9173
12699
10883
2675
12245
10768
7616
1337
2637
9059
8017
10908
5619
526
4477
5403
2722
11859
5421
2253
7115
13113
7316
4215
7156
12534
11996
8867
721
10421
4951
3713
14796
14702
14902
11351
8578
15060
13815
8514
7338
4491
11092
8016
12148
7274
3566
15213
8992
12169
340
2778
14271
13406
2599
8554
3371
309
14509
7670
12228
4401
9819
9702
12517
5446
11102
15218
14190
8450
12279
9527
5773
8834
11545
5199
620
148
1555
12417
7917
14944
9050
4079
1475
9340
15307
6220
2075
8056
5663
14623
11572
5735
2350
929
5876
3974
8388
468
8126
11147
4328
2699
1043
12952
7940
899
14502
3410
15132
10458
4413
12735
14534
9586
3486
6361
10183
10138
7161
5621
9356
3392
11477
9805
15093
6179
1832
7356
3920
6735
1929
7635
12856
11348
640
2198
11497
9952
5070
12931
5191
4496
12307
6311
4409
1463
12732
151
745
13456
1303
3004
442
3547
12080
1700
6713
13213
8295
7911
7217
11627
4885
13604
4954
12259
8599
10417
12580
554
6094
11531
1873
1342
10765
12663
850
12301
7634
10351
1858
11366
10962
5840
8594
2662
11485
5379
3957
12271
14211
11026
2934
9177
5218
6517
8343
4491
15214
8757
8870
15204
11810
14670
11030
822
894
6110
4622
9096
3928
6878
4217
5590
3043
10091
6322
14439
936
13036
14360
12217
12135
12446
3746
3461
9385
14044
10397
13667
12720
14797
14942
4590
9252
4059
3576
4081
8530
12167
12507
10384
14935
12846
11743
6631
11587
1808
7179
8778
4291
10318
4147
9465
9006
6278
2492
1799
15333
10219
8138
13107
10725
7202
10333
1758
4001
6084
1834
9364
5871
12129
416
12795
7763
393
716
10344
4997
12849
2361
13852
7867
14113
2728
1345
4250
12238
13509
9933
5430
11697
3677
15247
9356
9783
12736
3277
12518
15010
15017
11211
5146
7946
7922
12003
11065
8921
14910
1144
13619
7357
7584
12321
13247
7499
278
9855
6282
12484
9698
6146
2583
4323
10732
7454
10591
11185
3733
7695
202
2659
14556
10877
3483
10202
535
8039
10941
8435
2999
14173
15314
8115
15051
15256
11601
11009
14603
2016
6923
15203
8095
593
13710
7591
3445
12110
5483
5796
15094
7125
8238
9642
10829
11398
5347
8842
455
12932
6703
7936
13167
9622
8373
12284
14557
8145
6671
11283
9582
4374
2740
11654
10847
13192
7351
6044
5458
14723
474
12810
12049
4358
11958
12728
1198
4489
1476
10190
10807
4456
1632
5957
10919
7121
3272
7271
4749
1011
4471
953
12532
1535
11201
10481
9006
9064
15689
3681
7108
13269
3188
932
3297
10301
2776
11969
11061
8214
8583
10602
10504
14023
10081
12992
15303
11244
13944
5842
11622
4179
10548
360
10119
6578
6773
15356
12160
6975
13972
9475
12827
2140
8117
9477
14251
2015
4577
3260
7640
731
13480
6475
11540
8929
3580
4438
12104
7736
6017
13727
11763
7631
6190
2757
10320
6543
11155
14714
14293
12254
12943
14572
2312
9589
3965
12213
13887
13583
6222
13448
12686
13558
8089
9145
15366
5643
14216
10134
4769
7748
10336
8204
95
10248
10006
3351
6563
10390
12198
3281
3153
2625
15818
193
10191
12947
4673
9990
1214
9427
13900
239
9045
14990
6080
9303
6305
3681
4532
946
3603
2066
14211
10231
8681
7216
13769
3760
10250
13815
8130
5308
14597
4172
14089
10694
15061
4993
2069
13569
14108
15629
12417
14115
5342
387
8050
7527
2925
6211
12819
4220
8741
11000
10186
6122
2245
9695
4288
1292
13344
4497
13229
11529
11565
9418
13838
6011
13935
14089
14953
12725
7458
9768
3686
14453
3481
2891
3936
4308
13268
5089
9080
10967
3553
6697
2930
8524
7853
12432
10985
11926
952
8497
9794
5445
6006
5546
150
7683
2297
4337
1887
2941
8732
13203
3413
359
3624
11983
463
2496
3070
9053
13661
7261
6271
655
6644
10505
804
1470
2914
15268
3802
9465
13551
1960
15923
10362
5654
3944
1203
8387
12657
78
3895
3255
5019
1625
13931
15241
10654
15518
11459
4629
5596
264
15751
12502
9190
14250
8153
9371
5708
2715
8622
1939
14151
15211
943
4917
12473
4150
1048
2049
6425
8590
14311
7685
9269
3459
6820
5788
10507
7387
3357
9279
12766
5922
5556
15082
9714
9218
65
4279
11248
236
9136
12752
4182
7975
12825
10833
9637
13545
5314
11440
8297
6146
1226
13817
14162
204
11474
13285
13664
12049
767
3144
6399
12660
14506
4055
14289
12952
10264
1516
4403
86
10308
1857
6693
5792
6510
1079
2847
8157
10713
13596
3265
4468
3587
14082
4620
14339
12594
598
2013
9389
6047
11485
10333
661
13152
13392
932
2072
5703
698
3092
10282
6217
2663
8198
6616
12595
3867
3809
1969
10766
3074
5644
8247
8910
9096
5650
11005
12714
2773
14853
1310
836
5061
9274
14585
4375
12426
2801
8622
1709
9823
10764
6671
13966
3733
7633
3015
563
4572
12869
6377
7320
5836
1149
2056
8506
14386
15847
12276
7672
12938
7983
8592
4565
1023
6888
1996
11228
7769
13746
3456
697
11388
5887
2971
3434
117
11793
3898
11306
153
14559
1750
7627
8663
14741
7663
8958
15611
11388
4979
15694
1004
7506
10422
2794
15895
2003
10045
6340
1530
1214
2431
3209
3682
7170
12941
3220
6030
1449
6029
10820
2176
7262
4285
9490
9205
8445
3754
8895
5553
1567
8599
6901
4666
15906
14578
7435
7166
1067
1457
5134
12123
4195
4660
6452
2927
5351
7581
4422
13877
2662
770
3484
1254
1946
12659
160
8192
6759
9778
8970
11475
1100
12731
10847
9401
1632
6075
9342
12555
12302
7184
7575
11756
13158
1556
3067
14017
13138
11200
1605
3075
4046
15323
2603
3090
12781
13105
902
1865
4371
5038
10322
13525
11768
11251
6752
8866
11054
7385
995
11006
1395
2248
7189
9573
11374
6050
213
2306
4000
9328
12434
8343
12281
937
8198
9707
10383
689
4270
12261
9104
9027
13312
9633
1541
13371
2230
7594
2163
6996
2008
15217
10357
694
13325
14100
15345
7985
8877
14011
9202
9231
8112
8978
4718
5964
15542
6124
5078
13169
3966
8858
469
3290
11932
11771
7998
12111
12363
1107
11057
5137
12285
8066
7029
9715
2108
12231
2390
1509
13091
15809
10448
9491
13809
1119
4743
16098
14442
5993
6391
5830
15673
13833
8539
9336
13594
2115
1765
6337
5728
15296
5612
13279
4928
10212
12500
12787
10311
4381
4918
12103
6482
451
2803
926
1908
7864
14894
2532
5980
7849
6324
10652
3283
1310
15364
990
12671
9750
6100
8938
12804
15552
10130
7495
6244
2799
4206
9445
15160
4379
8567
10834
16030
1750
13399
12993
5614
13216
6147
10363
9045
12715
4661
9152
14380
6260
8327
9014
13281
8866
11946
2395
14181
1081
10082
16008
9100
8680
12705
2190
16012
2137
5933
13213
3931
13103
8706
5457
4759
14597
9051
4176
1906
872
1211
3399
14268
6949
9360
5667
9174
10107
9031
12567
8698
15726
7390
407
637
8429
4771
14094
11246
9725
2530
8119
5265
12507
10295
7476
6299
16234
10380
13578
13684
8821
6172
12397
6404
10399
15915
7869
15101
11864
7721
13782
2589
9440
2259
11136
4687
5240
15645
7914
1695
8132
174
16475
13020
475
14470
14782
5588
3288
949
68
7762
14043
12195
904
4912
2611
11435
460
3816
12214
13031
3317
13571
13704
8503
6117
7267
1594
6367
9882
8837
3920
13782
15792
13168
6651
3239
9284
2884
11714
15074
6913
5942
13717
6330
1151
656
3999
5299
12353
7187
13906
15623
6807
9864
4052
12286
14337
10374
8549
11124
9417
6289
53
5089
3970
6911
5075
2445
2302
14706
10304
6242
6641
4522
8108
12850
479
8526
3334
13918
10067
4881
5884
12546
11021
2444
1825
12855
5401
5808
1783
3718
11304
15585
524
14797
10634
15748
2850
6135
3938
8343
996
5893
2670
16409
14181
12842
12909
8262
14177
5858
9491
8244
2880
5738
11987
2102
11274
11693
3491
2476
8953
15131
8318
4317
2231
12501
1988
11314
7177
13826
5666
1122
14526
2410
6354
14486
8585
7997
1142
12830
6320
14010
8142
14268
12925
14281
10447
3748
5929
8652
4296
4996
15096
6956
11358
1488
16398
10919
13064
6718
15783
11210
2092
2310
4674
322
12944
7181
16460
76
828
4513
9922
6665
12322
11681
4019
16007
10501
6512
12441
388
6015
3122
15187
1802
13438
3549
2844
904
8163
10239
14556
10826
9429
1740
4920
9765
5749
14236
8469
13686
8737
16068
11434
14576
15330
11170
13269
11923
721
3854
8274
3854
6036
5828
1141
901
6959
16053
9063
4535
5754
6082
15052
16512
2051
908
8916
9817
8965
5446
1645
8155
13930
4297
13981
2133
2171
10207
1459
14263
5610
10366
7678
12897
173
16229
10492
10554
2679
5093
8671
12130
10600
11563
5055
14112
10217
4881
7155
4890
6739
1431
7531
2691
13905
1991
6657
5382
13205
14975
8687
7766
6897
13499
6513
8379
12670
16766
7734
7527
4910
11388
10510
6595
15424
15041
14721
13228
2570
490
10714
8799
13284
51
1466
366
2328
1623
6090
9228
13638
3211
12337
14049
11446
6543
1203
7710
16367
2377
13549
2451
10070
16780
712
13877
12118
12635
14346
949
1379
9659
14645
16733
11665
284
6058
7280
7704
3742
3966
1465
3384
8577
3488
14483
619
14503
7082
10792
10033
11855
11915
317
5901
8512
12114
6773
5633
4843
1961
11920
4816
8935
3533
6496
7103
12959
2774
10395
12410
1020
15880
2558
15777
7000
9816
147
3800
2185
9047
7425
15873
12063
13100
12937
16379
9728
484
13161
510
8100
5457
8204
15679
8379
14931
8437
9386
16465
11046
443
15754
11482
13510
5222
12538
1875
11038
13311
559
12860
10903
10610
13528
12153
21
7878
4623
4083
11331
15622
13787
15200
6359
16356
3759
5898
7727
9076
1296
9550
11870
10236
14475
10643
11140
5701
15060
4387
12410
8357
11802
13788
9261
16309
12947
940
13601
9780
3008
15925
851
5927
14583
6620
6720
11021
7071
16895
13783
4669
12261
12307
15739
13042
9949
2433
13327
4142
8302
8352
379
15316
15759
7576
8946
7709
8155
10356
407
16073
2402
3148
16297
16075
14827
5623
524
503
6756
4042
16764
5022
14844
9621
7701
5133
14932
11865
15730
4993
12195
16673
9300
13799
14889
4561
11745
15908
7590
8816
14199
7212
2693
9140
4674
8704
16698
11988
3952
8888
11069
866
11764
5327
5432
12754
11718
8293
7761
16911
5477
16997
1828
5268
11048
4668
2843
11515
10981
5526
15152
7472
7059
4729
10537
1850
963
7183
11947
3603
7754
4804
12591
15042
10434
171
9104
10340
1547
9969
13639
2657
15999
2826
9017
15181
14059
14624
8651
1830
9735
13770
5499
6284
14018
2307
13380
1658
2695
14751
10407
9660
2668
751
11708
9561
5877
7171
15456
15041
14310
5107
16712
10057
7305
2242
12002
1248
1388
11574
11599
3042
9432
10118
196
5162
13839
1480
10496
10283
8935
2910
6075
6451
9836
8386
2730
10976
9028
1779
3556
5143
4102
12501
9730
6426
6579
4470
8611
7412
9371
10234
60
1684
13837
5368
8345
16098
722
1980
4200
16727
3741
4354
7731
16456
9085
7131
5858
8173
5971
5714
10633
12653
4178
4526
1403
5161
6196
15907
16057
10081
3959
2462
1795
15366
6663
925
6958
1659
2405
9355
541
14002
8399
1751
5877
12171
9075
12824
11132
13910
3573
4337
4168
8097
3103
4569
12623
11667
3245
11424
1870
3821
1895
10701
13379
443
15293
10323
13942
228
5367
13685
1238
14844
2699
15574
9909
15600
2960
13265
9435
8882
13918
15344
14250
3940
6329
13209
16906
6629
2330
14851
9714
12276
15523
5400
7414
4167
6560
3563
1266
16242
2146
16715
9172
6818
10938
2007
5223
1968
15941
16756
9676
10262
14288
5265
1874
5581
11464
3120
1851
15283
12509
5354
10531
13327
7857
12940
13811
14022
5647
1779
11388
5659
9596
12362
15435
6225
5301
14986
7015
15516
381
10967
2054
1535
16335
4737
12597
14905
14329
3840
16823
11783
9972
15172
10995
6033
2746
3495
12217
17248
16629
7080
2331
24
9225
2382
5819
15291
13856
13472
16336
8368
3959
12294
5046
173
16409
8130
6146
5153
11398
10763
1824
9408
14512
2119
8431
9263
12251
10505
13848
7747
15957
7957
1951
9828
3060
4659
7902
2734
9100
15098
7107
1132
9428
12429
17109
1160
10061
16034
5205
7577
9676
4468
5935
2373
16716
2683
2661
800
2292
15745
4895
5940
11148
1108
14433
13872
3045
15034
16638
12473
4491
13038
15689
2065
15818
13098
7392
8698
13590
12467
12604
16854
9100
8081
5368
16705
13324
1929
6538
10163
15756
3168
14308
5883
10912
12406
509
51
3493
1338
7688
3183
12164
12785
16688
4763
16539
15757
16876
14249
9402
6528
1762
3904
11435
5847
16904
14040
5274
1985
14962
13213
14743
6776
13529
15108
7086
6507
14312
6153
2449
6363
212
5782
5951
16284
14595
3453
16636
9314
4400
16984
4451
10779
11790
14665
15009
5724
4465
2713
12560
9524
16192
11225
7204
2696
9222
12764
4512
1942
17414
15924
10269
14289
9866
12788
4961
8839
8081
3204
6000
8411
3645
9605
2854
11884
1734
11263
4571
4702
13034
14793
1686
11720
13133
17251
10443
2214
2748
14765
10956
8236
507
307
9694
5979
12045
14563
8966
14365
8685
13270
9169
9204
6477
6664
12352
1934
408
14798
14386
2456
12771
15786
15632
14140
48
11364
5621
2789
5840
5629
7861
2246
4648
4603
14854
3422
5400
16631
5482
14512
13806
10235
11548
7515
8776
536
14815
13764
4737
15556
9295
17238
10419
5743
9919
4472
2408
12256
16734
1843
13264
3954
3562
12400
2396
5401
12892
12449
8745
2541
12189
13368
13578
12562
10622
9552
14767
5213
1973
2299
565
2666
3244
423
13592
6419
9171
12185
7148
11129
253
6617
1191
1112
9038
16111
103
9953
10095
4894
6833
7440
17480
3081
4389
14818
16657
5909
3638
12258
3863
5993
14552
8981
9714
14885
1741
13550
12567
10196
1840
7359
16527
13011
1852
11086
15933
1580
3267
9565
7152
4847
2077
407
16170
9086
8050
12608
2306
11256
12202
14129
5691
25
3054
16530
4736
11499
12789
925
17385
15194
125
17626
13558
9752
10638
17101
599
12217
5297
2621
1365
14310
2429
9977
10711
7786
2744
12285
10125
1424
3052
170
11836
15169
16786
12942
11862
6825
3657
11237
7216
7240
2621
8161
10341
13737
2320
775
4994
4541
3341
10753
8775
14431
4160
16440
4401
1236
5030
9599
12520
2852
8522
16817
2845
13440
34
13958
10407
12201
4682
6502
9438
4654
8606
16908
6928
14175
5731
15912
2185
12405
7642
6753
1282
14904
500
13949
9266
5180
15570
12202
10427
4043
8201
3744
15859
15023
12042
10547
1356
16386
10216
6600
8058
8137
8772
1677
853
12068
15544
14805
13761
3501
3938
8792
6449
16943
1084
10163
7478
11631
17589
16078
8560
7159
10725
10223
10925
12493
16790
1908
11879
1444
15455
15311
12435
12336
3229
16150
6625
17718
9506
4497
6507
1193
14290
15420
11219
13748
12385
13356
10630
9928
1056
11968
11780
10260
1923
10927
7632
5323
10471
2262
5377
2881
13120
15765
3236
12823
13322
17010
12297
2357
8938
11359
8740
2856
15365
12674
17355
14266
10795
17755
3126
17055
10197
2960
17358
16963
17202
16853
10507
926
6629
6639
10549
17805
15000
9823
61
6229
10862
3420
638
4677
9153
5280
13999
2414
10862
11078
6076
8485
15281
1030
2475
1412
1999
7220
6806
2058
7933
3421
12563
12898
12872
14043
1013
4638
8592
14233
6414
882
5040
12864
428
7283
13128
1351
14805
2921
16722
3105
16377
4964
6969
3833
15887
17514
2283
4689
354
10735
9816
15858
7752
1700
13578
6510
5598
15411
10220
15655
13046
13259
16432
3494
15058
16289
5185
7331
6357
14293
17378
4166
4523
10023
8749
716
5489
3266
17398
6868
8917
3776
8243
968
1336
4951
1099
4347
6407
5789
9515
15902
12291
6174
8375
6322
7511
14300
14914
16994
17575
975
4107
5677
10087
556
14336
300
3640
16233
7732
14724
17100
3853
1916
8464
5132
2496
7647
13163
15580
3940
11365
7859
11305
601
13068
1581
4290
456
4576
11858
10799
2464
8440
14749
13780
16430
16396
13379
5353
13784
4573
12286
1276
17117
7707
9724
12641
5188
15721
15314
5104
10250
16997
4299
197
13020
11560
10631
450
7684
2543
15202
10364
14450
7114
17752
10481
6189
12729
6660
5306
13827
6231
12777
10169
16801
7726
11475
6285
2627
14512
9767
15712
3785
11039
5385
15926
9961
1792
3292
3404
8919
16017
10070
9881
15776
10712
1372
8693
13851
10009
11234
7755
3812
1083
4897
16644
12317
15038
8481
4892
11217
2966
3422
3227
15909
9267
3041
2299
10123
11876
8597
7462
9330
2398
1427
11068
5697
3471
4842
9104
10918
16411
5102
4330
15371
17852
7126
16266
7566
11927
9469
12653
17115
13477
351
13120
6946
17292
6152
2121
2474
9595
6185
15348
12833
6229
6740
8437
5904
10547
14783
9801
5309
17210
780
1198
2949
11336
5288
10813
15487
2801
12738
13246
14296
2161
10099
13046
10096
16500
16597
2353
11837
5835
3375
323
5249
11322
6543
5383
5943
13659
7739
12577
10161
8489
6904
6096
12020
1866
9210
11891
17742
15245
16014
13535
8247
2283
9362
8963
2921
17191
7127
2397
1760
9492
7273
13356
9744
6443
16169
4884
4446
8869
456
15161
13002
10271
6130
6663
14898
7649
6779
773
5424
16615
7341
4360
13099
8408
3113
1262
2905
5240
2901
13066
1454
14512
17746
11212
3848
7997
6302
1901
16438
11321
5957
13024
2063
4145
6490
3373
4044
7476
4982
10859
12388
9927
7749
8539
16313
381
4254
4104
16732
11294
17705
17038
18077
5987
11177
11790
1138
9562
12712
661
10000
14361
4636
14020
1012
9756
11344
145
1720
11427
13087
10939
10233
13375
2941
11836
4910
8046
8262
7217
11469
12714
17755
3497
1300
4918
5261
17851
1913
6189
6551
17049
11299
9257
4992
578
17951
7969
15018
3612
9747
9345
6286
17468
10667
15292
13216
3109
15058
482
4606
1303
4177
8219
14307
8183
15292
13775
6333
15415
12109
15128
16241
14622
3327
11879
2471
17122
18007
13991
11034
10634
2135
5280
14200
237
5367
2249
9506
14848
7343
2162
9163
18147
4228
15117
11173
11134
7813
17862
2523
17741
11951
9236
14200
4613
8045
15591
6403
247
11699
12498
12943
10659
4839
13665
8920
8034
8527
5016
16059
9969
1223
15429
3976
5569
5333
17816
16980
7438
14455
14496
3395
1250
17465
13419
11497
4614
15788
9297
699
11615
2026
3387
454
14442
12608
18239
3028
12546
12506
14266
1560
17649
17432
12600
1046
17146
10555
13185
2812
6967
1278
833
5897
11587
11161
5631
12019
14624
8431
3306
7365
7073
11966
13123
10607
314
16075
6745
17389
6738
594
10333
14173
12663
16571
11088
14364
5551
17225
2901
3344
11793
13324
16828
7155
1447
9743
6160
13694
16586
124
1042
15698
3466
3072
13877
3470
10278
12757
16392
8083
4995
1039
7958
14156
8211
15607
15905
9442
7299
14687
2118
17155
15955
9582
7037
11624
2114
6931
13518
7176
12453
11919
6782
1774
6921
4132
2806
3468
6389
9918
7678
4352
2954
1772
12094
1882
12793
4143
5733
5754
17005
14930
6120
5679
7114
15608
15715
18326
6474
7769
2847
15248
9607
888
12929
397
5319
9585
1880
16975
2458
8883
11409
15614
9216
17637
17737
10845
4319
3695
5845
13331
14434
6391
4031
4473
13500
9437
14709
10246
13447
2324
10608
16884
9729
15467
1283
13702
8301
13512
2784
11450
15540
1380
7412
491
10148
4672
6367
7959
356
15037
11716
17086
17533
16067
12680
13726
9245
10633
17257
1823
9205
4477
8625
1761
9379
10122
6653
2004
15606
13147
8126
11991
8339
7103
13668
8414
4254
12532
8642
16979
14497
1713
5833
11393
18525
14931
10409
7253
12736
2907
157
17864
1352
13080
6197
2530
18329
15740
11740
14237
3898
18036
4274
11743
15314
15599
5241
9253
5263
3380
17191
2191
1256
15185
52
13284
378
3000
1064
10795
18191
18469
9668
7178
15272
4242
17133
5723
14559
4639
3787
13967
11329
8753
7874
11409
11760
11148
15758
4078
8913
7896
4406
3395
5020
14337
11082
6849
5371
9964
604
3236
8417
5248
8920
471
10288
4245
3488
16861
11611
3567
9520
4937
3327
12230
10406
8520
8909
2919
5276
156
17465
13826
16491
15337
3895
16730
6856
5099
11531
7056
4388
16917
4239
4054
9281
18463
18547
6153
8433
15870
7969
1716
9582
3654
11948
15973
17506
10119
15587
16610
4635
769
17908
5068
5673
14068
3936
18414
15765
951
3299
4932
60
12073
5456
17679
12401
9675
9502
3894
14502
13723
13053
16426
16534
2506
3235
5892
6523
4140
2414
10190
15426
10482
9033
7527
10103
3688
11734
4893
4144
9826
16240
12932
3199
6486
4899
18602
7196
7158
580
6990
6332
8368
10613
10583
9315
2383
3733
13938
5350
9737
9166
11124
372
1512
1928
3429
8975
3626
6860
8033
16895
17412
13215
2617
5036
7396
6906
14960
10048
4933
16573
7773
6269
9169
9820
12312
3621
140
1315
9274
7722
648
10519
5726
2370
10596
355
17025
18491
14154
9552
729
14180
13288
3582
6632
13972
16218
4688
3483
4735
1105
6848
10687
6784
18758
10865
72
7280
936
9137
11164
10384
17539
11839
4453
4033
15148
11291
11345
8135
13835
1406
18270
2013
18601
12304
3024
14359
11929
14121
8007
54
15952
792
555
13560
10367
6139
2040
5230
13654
6789
4292
13158
1537
4297
7424
10930
6820
2159
11885
4146
1515
7633
8831
3976
17207
13573
16321
16496
1830
13917
2197
5488
5977
9915
15017
12038
11855
17644
12920
18239
17439
685
13693
15153
2133
7975
3325
8174
12552
6957
18531
9874
9344
12382
17096
7432
14196
6153
13139
780
9351
10309
2768
5334
16035
6757
8459
17700
14822
14329
14242
18164
14578
3130
137
1146
7467
7455
8913
12454
2577
16048
14021
9053
2818
16267
9482
9428
4919
2033
677
9016
11012
13860
17115
1444
17414
18674
18064
14576
12280
8048
13633
13379
11014
3142
13204
9790
9551
1697
876
12352
4129
18440
2121
14703
10216
1037
12448
12965
9603
5198
3408
12066
17207
4804
5846
3419
590
2804
18242
14273
11048
1402
1989
6843
16207
6648
6107
18412
15698
4031
9393
7599
866
11636
12801
5323
6261
9612
16220
11047
9897
6926
4189
7085
6637
6454
4557
3423
7769
16969
13679
14550
10370
17196
6703
82
10626
589
18582
1298
3495
1571
13229
18869
8993
1992
14507
13631
7720
11241
10950
12041
13387
13558
18746
3211
4341
12225
11436
13525
8278
3494
12779
1787
5991
3190
15520
17512
2905
11640
2097
2736
9566
1534
11433
17446
18291
16882
11513
7032
9656
16175
8199
4440
18564
2446
4676
3375
4648
8261
7752
11644
1728
11812
16685
8942
7234
15183
8239
4235
2557
7440
6795
9297
7078
7764
8545
4743
5409
12172
306
9631
14197
6520
2153
16838
2965
4670
15483
17797
5823
16131
283
9057
3348
8694
5364
10793
16792
5605
15352
14910
15721
7968
6656
5930
3213
15542
3898
4663
1993
14217
1914
1211
3927
4067
14380
15132
3455
12023
18907
6275
15981
2224
5763
1033
1489
9390
688
10649
6611
14117
17689
15398
12938
5964
3537
6031
2176
14384
8666
18054
16300
11179
6335
9927
11912
18233
18813
11253
15274
19075
7792
8559
8486
15844
4506
15140
19076
8535
18689
15048
7111
5171
18810
6366
17327
7604
16210
3079
11514
261
3377
12171
15248
5498
4615
11958
18479
14900
1283
13332
5925
17619
13418
5112
86
18036
10238
6437
17483
9313
17099
16819
8656
13918
15229
12295
2318
2506
15782
11932
7332
5964
16680
262
7561
8415
16068
2710
8246
378
16281
12022
1415
15832
10700
18033
14651
14671
2710
16331
2890
13326
5506
8852
237
9005
209
8746
11500
7485
14261
12325
4483
8462
7211
7316
5743
13724
762
3872
7099
10965
6865
14437
15333
18886
11691
4953
13392
3983
11990
2327
18254
18297
12924
14030
6851
7349
6103
4120
5251
14485
3484
4369
3395
17294
6296
9404
10272
14563
18895
9063
12288
3862
4699
18021
17271
5731
1832
2299
464
8343
18984
3576
6621
9187
13630
18229
4132
12717
13869
12921
3854
10252
11663
18757
6756
6147
14814
6574
17595
12295
12543
15753
4163
3995
16344
16741
10737
13170
19166
2863
5859
8968
18389
3038
8408
1538
18263
7835
5277
9407
14250
11356
10041
13662
17990
9021
7220
6263
14896
10412
11354
3142
11949
15618
17389
18569
13723
8858
360
13425
14516
4911
1799
17060
6279
4435
10218
694
7155
10598
5395
7283
8654
5433
18113
10868
13122
9551
232
7472
7265
2212
10347
7841
10296
4614
897
12283
2696
17223
12356
11295
13871
2982
2830
10157
17368
3016
2975
1623
12256
11901
9487
7350
6159
8714
11254
7757
9449
554
694
5015
5748
11830
11214
11398
12507
5251
18378
16462
10201
4325
6031
8204
5892
1610
13618
2769
8810
9213
1408
16815
13611
14881
14133
3855
247
13758
11060
13459
2415
11276
5003
4696
13807
15102
17359
10361
9352
13650
7943
17047
6330
16161
4388
5212
13054
15610
10033
19199
14034
9496
17459
7353
17039
6369
9841
7347
16492
11695
6031
15724
1895
7567
7109
12549
15814
9847
13823
6872
965
3530
4060
16110
15432
12926
13066
3069
4658
8970
6698
13285
15055
10278
17613
17043
6568
932
2147
4905
18216
8472
2380
2913
11143
5865
313
6329
1638
1221
5931
7468
5076
10761
14211
14923
10183
11899
17599
17162
7177
13813
10563
14322
8578
9980
11554
66
2676
10563
13055
17570
3063
18534
13261
5897
18129
19156
17934
5544
845
13467
17444
12023
6787
8580
9825
6736
12846
10083
5718
7632
3586
11886
10963
18559
6133
10069
3990
1725
15568
17414
15104
5485
14189
7496
12051
1745
9784
10138
11723
5920
15475
17414
4620
12304
6473
19261
5860
3236
16416
7253
6257
15436
15848
191
18580
876
18376
13900
11967
5421
168
2660
13098
6520
9918
1155
6172
11048
3464
2037
13238
879
11968
10874
13532
2420
5960
9715
13814
9684
1532
8507
11366
12009
12776
836
5457
911
12735
5323
15548
13189
19528
14039
2408
7957
2462
4511
8972
1386
12047
16337
1140
5000
15978
12289
1413
15297
5121
1334
9699
13128
9236
11736
17426
15500
8969
7978
7483
13152
18411
11187
3639
6256
17132
14242
13259
14480
11422
5751
17111
12891
2957
5614
12865
2085
13020
14168
3182
6758
15764
7179
16260
18321
6124
12593
11998
11580
18314
17424
7119
18924
19372
372
5808
4655
684
8865
13282
4078
14601
14344
17146
9391
6887
7993
11703
12193
3748
14386
12331
2805
980
12164
12288
8082
16546
6575
6515
3534
7391
14577
3045
11404
3909
14093
6693
8996
3390
17816
15198
4959
15402
4358
8591
14593
16070
12059
3559
2985
11054
8651
5834
12739
8756
8135
13534
10948
159
15898
1157
6595
12868
14943
1799
14160
17719
4151
7316
2931
13250
5422
7964
3746
18852
3018
3215
8275
5363
14349
7637
17018
10436
3877
17616
5736
7839
1128
4269
8425
1804
19673
799
18516
4592
4966
1896
12958
3758
4310
6777
12188
4772
5976
7114
19633
7423
7369
5162
18166
11719
6531
9672
9682
12409
4897
10530
12256
5994
14485
14238
1999
14843
4893
8169
16259
19679
19010
7219
2968
4176
13090
12441
4361
6482
7876
12344
10157
11035
1526
5468
6220
18692
14697
672
13563
2474
7152
14849
11807
3850
594
10787
17682
1701
2418
18440
7094
704
9175
2586
9435
14298
16080
16752
11134
12524
9208
16605
1192
19214
10508
8999
9111
10730
6099
15765
1773
17063
1035
6281
48
13441
5004
7959
5597
3735
15556
93
12533
4183
15897
2235
4847
3731
12831
16263
5746
66
18335
4220
17609
3444
12435
14234
8747
6325
15358
16862
15577
14690
6820
16033
316
959
17718
4403
19172
3014
5528
6476
12996
474
7429
3723
19036
12598
18073
12982
5299
13590
15241
3535
4889
14039
19191
17019
616
7867
7778
11608
16717
17946
4076
3953
14870
7276
12481
6659
9044
1370
1774
12111
16429
9611
79
1818
10374
16923
13725
65
16461
19071
3579
7637
2945
18159
3615
11681
18961
10220
11188
430
7298
9230
2250
4165
9572
10080
8318
76
11505
17912
8961
12940
17117
17824
11855
10820
5899
16666
6749
6130
1381
8776
14131
11283
14361
18776
13034
2282
15563
4179
12098
4601
2171
6528
302
6735
359
14191
4907
18774
18424
4297
3490
3814
16481
15036
9674
3988
614
7040
18540
1404
1655
2727
7870
10642
10627
15119
14791
6270
3554
12736
4343
755
16688
18788
18245
5070
5137
15409
18272
3936
8886
13149
10455
2746
899
10299
12253
723
8765
10685
4683
17253
8236
8286
14922
6892
11576
2416
19657
16991
9825
12225
10969
1604
11693
9420
2555
2482
7544
6365
12829
6806
4420
65
6537
11868
18237
17620
522
15020
2396
8379
1425
9220
19725
2214
5137
12208
10847
18252
1366
18315
13811
5180
5999
13727
9516
4936
9585
15348
111
9540
9430
8969
5870
9501
17437
437
2656
11384
4629
498
681
7955
14931
10909
19702
7732
5746
1249
12571
17931
19135
10157
13778
9772
9405
1033
10734
8571
4555
1998
6377
14356
1837
12378
592
5092
11396
18393
13674
9437
12845
14866
18727
1486
856
19369
16832
15541
187
10833
9425
19014
18120
19581
16457
1518
19835
14380
12287
6707
4680
6575
7733
1852
8910
16982
2098
4769
6852
839
10549
15961
15717
6429
4747
11595
3640
17479
5006
15961
8266
6062
10550
3663
11604
12983
3750
4580
15237
6178
6629
16822
3286
1671
4949
5
12114
4266
559
16589
4602
2275
5723
13866
717
8383
2698
14133
11117
1338
3748
12031
10173
19795
18664
9183
10177
6008
19588
6169
400
2342
6290
1957
4693
14474
18046
10622
16467
7441
5691
2745
9689
11422
7402
11274
1378
4089
15691
5171
8555
1713
9702
186
16111
8681
5783
14940
7736
284
13357
9157
13147
12307
4132
8604
14092
4798
18973
20198
11262
7613
9294
13450
8276
7112
17566
18178
19450
19660
12216
19035
9395
14585
11905
15062
6438
15513
7585
3472
8447
11642
9116
10604
11450
2768
4387
1417
13766
19078
3465
15939
6479
8338
10950
15701
13138
5228
10047
141
18368
4167
15282
637
1515
13016
14035
18745
16586
1391
2858
18641
4453
8888
15881
15482
13600
9863
6443
1585
6082
4217
1651
17382
5589
14468
4805
8719
3792
20148
16806
6562
19782
1751
15131
13933
2635
2457
5076
15438
8356
4083
185
3178
1531
17169
20264
12362
5428
14436
4289
6145
19774
6490
18723
11195
14414
1232
7408
420
11534
5590
10488
2151
5226
12311
4630
15101
2567
2452
14755
3634
15795
7052
15630
3366
6011
12790
11059
18811
12999
620
16546
2485
10842
2798
17767
16094
6157
17330
9161
4752
18552
19875
5044
3134
8139
11715
8867
619
744
5776
18192
608
18841
8903
14286
9690
4929
18314
3105
11678
15203
1690
197
10985
4513
17949
1014
17518
8006
4024
12247
16324
16655
920
17537
11097
16018
18063
10473
20166
5524
19259
4599
5477
15655
3495
309
19620
15788
16770
19424
12690
12225
2927
4370
3785
12865
8524
16209
5434
13808
13148
15985
5913
12128
3740
20182
16124
938
11890
10212
3037
2833
4793
18892
11021
2110
2433
3149
8762
3940
11146
2075
5155
6597
7392
2895
18521
13144
14717
6514
20201
18705
9546
9448
8279
19264
19927
440
3558
18429
11888
16289
16434
1793
643
2487
16992
958
3751
4402
5122
12826
15406
7250
4039
18099
13197
10853
12049
983
7678
15827
18564
14849
6477
9077
738
4872
15092
6745
18869
4344
1605
13142
10891
10570
14433
7286
2614
14979
19544
6974
3208
13588
2758
5615
13543
642
16447
3019
7047
19037
10991
14459
14569
398
82
17042
7045
17704
506
6340
20292
541
19026
4122
15949
17490
8373
18314
11236
4108
3709
497
18508
9869
16664
9756
10613
13040
2314
7511
3265
1608
5551
17474
14260
16599
10881
17614
11233
19931
5975
9004
12872
8314
10652
10920
13879
17324
9563
11395
7539
4710
1491
2212
10046
15346
10336
2285
20303
20066
16423
3188
16480
8914
17595
8149
14703
6144
6739
3244
4482
14203
19769
5893
18057
18913
14777
1661
10783
14038
11788
10109
5946
15812
5852
1135
9106
2267
16462
1624
16199
18285
14497
18221
11122
1179
6590
6400
15693
1951
12729
7876
4700
20148
2042
15766
1968
15958
16604
19880
12384
19194
16314
4991
12621
15415
19808
19054
5644
12297
16125
12037
20558
5987
9310
19840
14116
10208
17538
18890
20343
3278
19362
19404
17230
18228
4384
9471
11047
12571
12031
10418
5589
6202
19574
15128
3007
14086
4824
15611
6247
7207
17451
13338
18312
1053
18108
10725
184
1648
5116
11514
3060
12683
8561
2189
9493
13228
6914
1621
11183
3638
15509
9106
19086
41
11475
16976
6263
1900
8078
14717
16399
13080
1022
12407
10455
5214
282
203
1588
1738
16708
20476
13375
16116
11877
1442
1426
13072
10594
6381
18981
4654
18596
10230
10885
17662
14724
6700
17308
4429
5704
4903
16065
1708
14073
1857
6246
6250
8310
357
8725
6887
18704
5866
10646
19408
14196
1605
11947
14191
17054
95
15404
11501
8576
8808
3005
8778
13607
4100
3474
18515
11252
11473
1775
15142
15054
342
17962
12155
1641
735
4670
2444
12295
1074
17172
17203
3033
12881
2227
2454
6799
17793
13704
13474
222
2126
15880
5971
15831
10334
13736
9424
157
16880
12697
4388
10412
7425
18119
10124
7060
9129
12733
9420
13147
15359
2452
17383
2268
20351
20681
18968
14522
12277
16340
11418
10749
13274
12685
8135
17909
10865
13892
8720
14670
9411
2242
7943
10135
9742
5143
18004
9144
15914
13076
7003
10851
8589
3
17233
2769
2280
8882
7448
12880
4184
17087
10898
8427
14476
19892
16650
9152
13721
7866
5038
4125
11767
11562
20536
8425
6070
15642
6223
11083
12562
10577
10327
458
7678
753
13239
2598
5948
12003
10952
10171
8934
17914
6404
9276
19326
3715
5627
18932
3478
15317
1915
18069
9450
18970
12910
20420
8487
3039
1488
13401
13220
20155
20151
2010
10039
9059
4333
11078
4762
15555
17609
633
7008
11109
9953
12271
7545
18609
7032
1723
7508
11555
8689
16050
2765
5006
629
7025
6741
11145
5100
7999
7902
18805
19261
2732
2030
19927
2988
10407
13526
4780
182
11562
7082
4464
204
9276
10561
12953
16391
10625
3051
12099
11758
10911
5577
10215
3037
7681
34
3003
12197
12424
4208
3800
20749
13053
15939
10978
5100
20230
18309
13055
5592
13257
11192
14459
7746
15232
13716
5553
14215
2176
7168
15884
7505
19410
20211
7997
1272
140
11702
18807
9259
19674
13157
17744
20641
8476
20654
17599
18206
18607
13940
7488
12169
13827
2208
14025
8876
5442
15985
3457
12142
20751
15788
2016
10933
2453
8391
17440
8644
6353
830
6617
14683
2588
6740
17602
675
10840
16560
7944
10869
19941
16720
17167
12823
17856
5413
14839
10693
20117
9403
16026
18394
17857
11285
2425
20657
18655
4851
10610
6941
16555
3668
6090
19432
14061
4229
17420
13435
3057
10386
19584
10991
17646
6596
15819
15765
12334
6415
5461
20299
2573
571
2196
17297
15219
917
13293
15538
4013
1450
8096
19743
2046
11501
19308
6626
15704
19979
16568
14020
11452
16975
19324
15527
2379
10364
6006
2443
7999
6514
6310
2375
2999
8302
14064
3623
18384
5273
1782
4809
19112
17377
7242
18383
9092
15560
19715
17823
6055
17694
10417
11926
9089
4292
20750
17236
12485
6366
16634
8175
16023
1359
6699
17066
3351
12596
7176
503
19291
16221
17917
994
17778
17757
17560
5013
9279
9473
13011
8155
11485
6906
14547
19247
3117
20026
16414
1727
12415
5213
10841
17664
6943
725
18154
41
900
11453
15073
19079
4059
13132
8556
170
17411
19121
8942
8848
17550
17735
7195
6375
11505
20586
14392
6078
3273
14664
7398
3865
6829
8775
13401
13729
4
2014
19897
12900
16505
8470
9622
14026
3764
7432
17580
7765
20521
9230
13247
2068
1059
9139
10025
3086
5557
2319
12072
16779
16666
10596
2148
8870
1835
1031
17271
4367
8280
16685
15474
20601
15330
12977
5022
19001
1342
20951
16891
5587
6413
15109
13520
3637
15732
5776
3059
16054
15058
13464
16370
5232
18807
17024
14140
9138
5915
5845
14685
5756
1269
10114
9444
20087
6668
13237
7275
10628
1333
5658
6206
15762
9324
18762
15756
677
9218
5206
6142
11668
2007
13299
2142
17584
20668
20037
16491
19469
14692
13870
10980
16083
8437
18374
13052
16250
19753
15121
6881
17869
4584
6307
2866
12982
5458
16302
13164
3910
272
19212
14184
5347
1511
371
10078
1559
346
12274
979
13222
5600
11847
16439
9727
14448
8752
360
2277
2147
11788
13037
10457
2237
18506
15401
9417
1701
13056
7861
5185
17310
7835
950
6630
17551
12291
13579
9877
14242
1011
17946
2178
4513
13792
19738
55
5776
8273
16748
19741
18861
19463
6147
25
3021
4961
14529
20289
21110
17725
14253
21231
18982
1554
14906
260
9662
14827
14846
12880
6564
17387
12427
18805
17525
12131
173
8607
20150
10826
15142
3587
8319
18655
10360
10438
10659
3606
9884
6941
3028
5283
11916
854
12199
1523
5791
2086
12828
6294
2350
18205
9163
20737
12317
14204
14445
17682
4220
19864
12198
13879
3512
7615
7359
9548
6846
8483
16305
1077
6086
4160
16357
14041
4784
12187
15761
13146
8680
10345
19701
1138
1560
5586
5199
15208
20390
6623
14453
9436
3555
18342
11490
7598
14768
768
17344
19594
7286
4330
2533
4699
20971
16958
13401
16118
7049
12316
8901
2869
9542
17220
16098
20895
6974
15404
16030
6237
3966
9335
6428
7879
10152
11857
5163
16824
2877
15988
20098
20092
2396
13755
7465
6454
14112
20985
14023
15839
11973
20940
932
19415
12368
9894
7910
12397
7888
10496
2620
1981
8423
14292
10057
5532
13949
2897
6481
18376
8076
8958
4618
19848
10979
15389
11620
18460
20922
16581
6382
17885
1992
12234
12942
17315
4640
6424
11949
21431
4326
10120
5247
1700
3194
13243
13679
3803
15887
12182
11462
14844
15558
3122
1752
7798
18447
14120
5434
18789
4460
17941
8307
7273
12677
6566
20355
12973
19728
13223
10122
3477
17023
9163
10673
6389
9195
13038
13195
19631
1273
20927
3198
4434
6028
2697
9329
331
14620
758
16471
1510
19573
3668
17279
20960
21157
10594
8811
17945
5403
6412
11553
20689
9226
732
3758
2133
18361
9050
7083
13435
12305
20867
18705
9924
5292
18919
1798
11488
11257
13413
1594
14604
20196
4368
15649
19823
19423
712
14233
19616
21599
10765
16979
2240
17751
9176
17655
14410
9741
10598
20881
8753
3623
12418
13185
12183
5400
21527
20981
4409
21160
4521
16045
16217
16797
9951
14922
16404
55
3752
6245
11832
2324
7771
6111
12364
18367
18400
17208
13804
1561
7929
7446
714
18733
15666
19513
12467
12189
8877
8756
16824
2336
2466
10965
986
16759
14231
1008
5198
17988
18164
5528
8211
11458
7887
15113
15221
10132
1792
11617
12673
7404
18618
8500
1437
16641
12383
12513
16396
19425
1402
5873
8905
14643
14519
14549
21422
21129
4982
13986
2233
14651
10097
5825
5668
19989
11494
18118
2088
13742
10246
5289
929
5474
5573
19407
18371
12619
1498
9404
16910
11912
10748
8847
21210
14601
7899
2164
5249
13253
5684
1095
2890
12254
11272
13464
17163
15507
17259
433
3815
7061
15498
16997
13155
2755
5549
102
17306
4629
10575
5284
19006
5890
20705
17940
19374
5842
17944
9903
824
15934
3206
10608
1401
12283
12982
18839
20835
477
4748
20554
3563
9495
2342
11063
17662
3483
20278
13161
830
10689
1269
1309
13384
1051
289
19780
13794
14836
7392
13537
11416
12974
19731
14092
1278
2643
21458
15347
2050
8254
14173
20891
17559
20395
6548
12472
10221
3293
14910
10822
19731
14206
1894
3524
17042
18385
16331
7788
20924
20464
17577
17258
11849
12550
11974
17585
18477
146
18348
15169
16921
19036
9997
202
12712
15745
1098
7470
7646
5493
7189
11589
13612
18400
2219
17154
7149
21425
5529
14090
10426
3535
698
8872
21138
9766
2213
18669
12568
8149
18042
20564
6454
5602
3972
17970
5818
594
20677
16124
9745
19117
5112
581
18386
3352
20459
16782
17781
4292
15051
1845
6761
14340
542
10880
11936
4575
15373
19744
17789
6259
1296
19160
20688
2616
7630
10242
13968
11142
14099
3320
6814
18591
16636
2964
16652
4362
12130
12615
4597
21439
9919
20591
11985
3941
5825
17088
20056
2934
1398
19299
13902
17371
20719
3748
17043
10031
8515
17801
15607
20940
2457
3277
21200
7422
6775
15820
4919
11151
6821
18955
5761
11070
2581
20355
9033
13499
21204
903
1359
8984
8829
21707
8256
19068
7590
8320
16781
19408
14737
5609
127
9624
18157
3646
19871
12791
7240
15650
1025
8794
13519
2232
2479
4561
5873
1591
13316
20446
880
12368
21820
12012
11595
5456
413
7536
16787
15523
6031
7989
20889
16446
11281
11146
17683
10114
1151
7224
21047
20488
21252
4261
2622
10805
2652
19236
17830
4348
12674
1737
7983
4829
20277
8814
7943
17405
19556
17241
663
18638
21228
4638
19456
1974
10063
10229
14146
9004
16539
5048
11769
18311
7424
14909
20521
7711
2489
7986
10669
4940
5757
3699
6159
19864
11688
13240
5135
19700
17640
4955
7389
10276
3285
17470
12524
8569
11875
15552
7308
15009
10423
14651
5934
10400
10767
15064
8978
17984
21560
7281
10066
5223
21961
14477
12657
4902
6933
92
17159
893
4044
15812
17824
15471
1353
11584
3320
6101
6920
3706
7167
18714
13978
10686
19007
20999
9798
16092
3249
17533
18328
10247
13737
12698
3496
1189
12993
5178
9538
3971
19635
11449
16430
11290
492
13042
3229
13963
11470
12789
17329
21541
155
6071
2034
14159
21982
11313
21280
8325
19259
4006
13435
1932
21237
2847
10639
10339
8556
18846
8156
3178
1071
21261
18384
6425
14954
21451
8803
2411
1408
13504
6729
6688
18790
21077
20776
15924
13125
7853
2358
5252
9289
11728
18703
13965
13076
9946
2014
17204
16551
10759
21867
21828
11024
17295
18933
9394
8780
7505
10552
9877
16249
7611
8148
4198
1957
376
19726
5227
17210
17663
3721
20447
20259
17267
3775
17008
8499
3854
7956
7714
12680
13362
17272
4621
3758
13524
17485
8432
16464
18088
1329
9192
1771
4655
16202
427
3859
8699
8743
18346
1024
13847
8360
9737
9810
12769
12640
6488
10261
13306
12416
1190
5937
12388
138
10360
6774
15923
3054
19322
2833
10218
16499
4403
2833
10783
12379
13685
6596
14062
12686
333
10558
4600
13714
14655
1518
16602
20636
2028
21861
15560
17072
13655
11058
5969
4885
17532
17039
2626
5531
11158
11363
11874
16275
16656
1101
9395
2734
1599
20367
16407
5378
7341
1500
1790
4000
19781
45
21925
7209
13414
18013
9990
12870
3953
12778
15822
9542
16207
3343
11599
10303
15847
9828
8631
1144
12769
554
6177
9753
13501
2291
21269
11579
18281
2786
13426
12875
14884
9875
6654
16340
20712
543
3508
8967
3877
9868
8129
11469
3845
17746
5349
20895
4212
6009
20633
600
15021
11217
20835
13461
15828
4805
5619
9552
4712
8057
6804
1185
6495
9714
18756
16185
4623
15433
3557
6444
21678
19647
1262
13508
19739
6619
13901
7542
16147
11348
16307
20940
2341
2070
11930
6839
17822
6033
6017
17130
3266
18198
4682
20283
11589
21011
11516
14264
16782
3915
168
5485
18415
1813
9027
22275
2332
17801
5800
11614
13983
21432
15885
6061
18864
2411
2832
4435
21837
15937
5852
17359
14006
15178
12234
12744
9917
12098
8929
17520
11514
3053
14322
3105
2045
8354
7338
7899
7741
20980
12235
14496
10547
2953
3290
2533
11634
22394
1510
1239
21172
20903
77
3012
7456
15572
9584
10746
14942
16040
972
4486
2291
18964
7140
9318
19491
22167
16620
12162
2372
681
695
4289
15004
4611
22112
3335
16899
6598
21073
17872
6646
3080
5603
7457
8646
13650
16057
16571
6281
9158
767
3920
16843
12776
8207
8701
13086
6099
21124
17992
12480
18001
20697
19707
11480
21796
5945
19476
14972
4693
7212
5190
19196
953
11088
15846
20525
8562
18811
20823
6958
7260
9877
960
1042
9627
21495
6653
9046
8845
2275
17719
2580
1989
19181
4052
20032
20890
4018
2931
10915
20876
3633
4809
12708
11929
7121
15720
17180
17186
20989
20160
15554
18646
15241
18075
12994
5161
22345
19593
3635
6014
9031
18357
9617
6363
10062
17577
487
6639
13081
7470
17513
12771
11983
6168
3645
19200
17307
21416
9657
20275
9657
12441
3741
7447
284
11544
1997
9319
8791
13460
7142
22011
7337
21112
17893
5224
8392
849
21375
1867
18806
9472
11291
14440
17319
3976
12633
17472
4184
11103
5188
13218
21044
4539
15497
13006
8104
3336
14390
17211
9806
21735
14295
16669
14829
14056
18239
8925
18653
3806
22458
10210
11193
2018
21035
5489
5076
6224
14876
21866
1103
20903
1060
4848
6478
9993
13408
15170
3057
17639
8013
11698
20491
9129
12921
2182
13097
17711
21505
341
9400
20336
751
13567
12808
14010
5166
10598
20448
14218
15517
10432
20119
3948
4438
12980
21977
9463
7128
3519
13061
11747
5190
21313
17755
1407
4661
11654
18527
16152
6995
2992
19734
22197
2096
4672
19647
14469
12475
5611
6221
11500
18461
10094
5466
2976
4283
523
21983
20952
10275
18177
17607
10281
2146
4344
16767
6948
10985
21992
8273
13195
22592
5931
19002
5106
21190
10155
2469
12857
9920
8411
17136
10943
16570
5226
22530
7165
15458
8793
12188
20370
17659
20749
7348
531
5062
12317
406
14768
6247
12393
7527
13249
17425
6943
22489
20176
13611
14743
16125
19173
21804
8752
15609
19621
19417
13992
16857
8049
2817
19792
17719
22350
11073
357
16055
16106
5580
15195
14452
3203
170
7932
16522
14145
10443
4896
11330
15974
11198
15833
608
12908
18191
12519
5018
22473
3992
5065
354
10614
13278
2425
13421
820
8170
15951
2782
16357
18338
15146
17015
4003
7274
10965
1746
16096
12901
9980
21630
20045
16558
8146
3898
17659
2956
4169
774
21230
12430
6064
21530
22677
16839
14752
19182
3041
9212
9286
21245
8488
19884
8135
21238
1873
21813
12917
297
4200
17719
4878
4482
15143
7417
9006
21678
1348
6705
542
7460
20513
8749
8848
234
15021
10890
8410
4247
1688
22151
20060
21967
1204
19494
12284
14868
12113
20282
16652
9808
7358
1767
12735
4051
17295
13773
4932
19187
5034
16006
12145
17591
20995
3334
17540
18844
6761
22243
15702
4113
11349
10717
9045
12566
5471
2726
18714
14056
14350
8792
13258
10904
695
2361
7694
14995
15116
14790
1988
2557
1687
18680
15532
2514
17456
13485
15675
21095
8720
4062
10419
21324
5939
7131
3266
2558
21709
9255
22886
15229
4163
8107
15504
9550
17538
9255
15200
19263
21846
1240
9485
14798
4193
6378
16601
21692
6069
2581
12923
14461
14217
6162
22112
22291
6115
4784
14982
711
10890
9041
15491
4891
22047
5965
7230
17825
1820
16644
22874
17924
6288
22160
14252
15960
4232
16525
6874
14141
777
1654
6407
14698
882
17218
3943
10452
7959
12107
17440
20145
11412
877
16688
18517
1062
16517
6285
21880
19326
10320
1696
7997
1333
18824
21356
21546
21052
7613
2153
9252
14694
4115
6415
18777
21039
16456
15684
13612
12776
19780
19163
16117
9361
17035
14550
5814
11688
22318
10576
7888
21240
9051
9095
8919
21779
16429
6058
5300
11792
11373
11717
2663
18035
21038
11730
22748
4134
7167
3781
21501
20843
6852
4923
6819
15384
18762
16143
13821
1427
1244
9272
18679
1092
1534
1801
16754
3272
22644
9628
15145
10665
18257
19546
6585
17653
18391
22613
7353
20284
18309
17912
784
932
2858
6971
2993
15639
3820
11595
13240
14161
22313
19479
16923
1624
7905
18777
22403
16915
981
11528
9432
11441
14546
7030
13232
8689
1485
1255
9745
6477
23019
8315
1440
21574
20816
21323
6419
1697
805
11849
13397
748
19813
5539
19877
15163
11957
8585
17796
10228
13182
21428
3987
21462
9820
19728
9209
9822
9276
8316
22913
8383
41
10625
4541
15541
12500
9687
7533
8109
13736
12248
19956
2487
3902
548
19658
15034
6024
16299
4878
9675
6268
12824
21201
16078
16598
5190
13572
7035
7129
3576
11556
23145
6374
18359
1965
7093
17161
282
19280
3370
21290
7280
9
22266
9712
22670
6674
20812
21550
18260
19599
5252
7576
22418
19710
17868
8320
9733
17046
8452
13342
9563
18710
7037
13070
9182
11574
6115
372
6854
12135
10174
7121
9414
3912
22995
16412
5127
4426
10755
20347
14172
17598
18063
9480
9548
7710
17139
16641
15840
14009
16423
22506
17838
15428
17807
6733
13344
15199
524
18393
15333
92
16294
19369
8396
10972
11203
17399
11781
3565
742
10604
2875
14987
12278
13668
14456
19546
12499
12273
19492
669
19391
19604
17730
1980
5856
8160
5985
8663
624
3078
6443
2695
22335
229
9371
15834
2520
12073
1251
17809
15088
8529
14116
6599
18312
514
18615
17009
11564
21519
21366
4717
11481
1716
622
17297
22379
2837
23306
21542
13915
14767
19949
9209
4875
9795
19535
10048
9703
7124
12390
18396
11915
5768
5912
3003
23099
15328
8950
5158
10446
19841
7741
9430
2795
1450
7606
7322
1225
22020
20890
22082
20418
4582
18486
11539
19597
10300
19226
16366
20732
8494
7351
2187
4249
22841
19592
6116
4404
14980
17855
7005
2313
12664
974
19047
8657
19825
18115
9814
3764
11385
19196
11604
22896
19194
10119
12849
15353
14756
10437
10628
4830
13485
12344
4133
9009
3078
6680
22880
21719
3878
1933
19898
13671
17706
6649
13562
10151
13914
2375
1430
1411
5694
3092
4838
456
22353
5391
18289
12624
17440
14090
9295
16161
15816
14981
9011
22541
17055
12205
11321
11121
3114
121
18819
18721
12945
18837
18213
7424
22777
5841
23104
22490
18645
16937
20315
1412
5022
5421
5297
916
23421
22027
16981
22964
13659
12597
19840
17953
87
9649
17923
8827
11703
19025
10553
23235
16604
3828
3356
19044
20370
17105
9350
9389
14401
22411
14791
291
23005
17195
8036
20520
14514
4060
13641
3598
6545
4752
13014
20278
6895
10432
6653
11527
20419
17250
8809
13686
12289
4558
10647
3853
8614
14764
13941
13737
23163
18174
6998
465
13289
1657
6658
7623
10957
18107
13569
20990
4611
7201
18197
1749
10095
13712
10479
17826
2441
1732
1362
3569
19966
14138
5137
6673
20536
18942
9768
2332
398
967
7122
5977
8654
1674
12031
12854
2945
17571
20157
7693
11430
19953
21626
13125
13894
3160
2335
18954
17201
19217
9564
17983
12225
8987
12020
11439
18672
13305
5932
12347
12577
14177
1794
11248
17650
7954
4705
6869
17530
2773
7522
23395
21400
18612
16318
5420
2384
18572
472
6737
586
8730
7378
5751
16637
19635
12601
10850
16648
12771
1360
14114
22465
13705
2480
21308
400
7161
16251
20491
11744
12351
13737
6738
18765
21919
2646
18996
18608
14487
13220
8808
19497
3801
18260
8381
7907
19994
3373
15695
16263
23315
13421
3560
4963
9588
11092
18134
13820
5988
19620
21954
18658
6516
20059
5778
9993
10919
11918
6186
8264
6114
244
20423
3631
18671
19957
2784
6925
20219
15114
20325
6896
23387
14165
7872
21080
7481
17032
14146
903
4113
2917
2100
15075
13079
9829
7658
3553
690
18447
2983
1014
12923
3558
6454
10787
5881
12989
20618
21653
17508
4878
9890
7523
5969
4689
17312
8998
12173
159
9017
14300
22771
19524
23655
13471
3922
10351
18424
2708
17301
3874
14594
16108
17287
2198
1503
1772
21099
339
435
2297
644
22953
19445
22132
18875
14737
878
175
5690
3318
6673
1537
12204
16897
22107
14862
20761
12747
16723
14592
10785
4324
15809
20933
23518
62
19823
8615
2234
937
13966
20218
6915
21994
6164
12035
82
16630
15827
9665
1436
12060
22266
1611
13968
20383
13156
1343
21747
12714
11905
18885
17586
14801
21626
22387
11289
17958
13316
101
6676
8502
2251
6705
8314
17638
13435
22229
2807
22280
12100
21771
18879
9210
10377
19743
7663
17212
19137
1699
6708
14255
23227
19720
3270
11877
2683
20147
15742
13996
14869
1173
8310
18380
14926
8180
21336
14724
14891
17551
6191
5406
8535
10040
19492
4859
20795
9638
3053
2432
8591
22965
8929
18313
1628
3959
897
11777
12929
15534
22596
12504
5852
13367
6533
17723
9317
9306
16390
9978
6950
18336
14329
12283
11805
11502
12313
4231
10435
8430
4896
17413
12617
1688
5810
12228
21868
6426
5067
3773
10657
16794
23805
6312
624
7825
13100
17857
13109
6415
16606
2340
22505
9101
14519
17123
13687
5135
11286
20033
11564
8144
9724
8108
10991
19200
17075
5458
22404
10347
11058
16412
23778
5830
6803
1375
9435
19361
18705
20430
1558
2025
3462
18594
20367
17767
22964
14709
23375
15527
11641
21864
18211
7177
16257
7645
5705
3091
2
411
1215
13150
16505
11803
17298
17893
21992
11698
8574
14469
8220
17509
20151
10839
2597
18892
12378
4591
8488
3709
14978
1047
10774
14865
17274
1266
205
22008
5000
3344
22350
5696
22614
8713
19778
6744
13754
16184
105
6432
23709
2806
5099
12368
11164
618
1409
2747
10173
3113
1991
3261
5387
13634
263
2843
17604
11445
10798
5610
6578
16043
9305
23259
20654
20989
10983
12419
16742
13972
18128
16632
6594
4457
18809
10153
5060
8354
4728
4387
13408
4834
22674
23886
3075
8989
3556
9263
2333
11551
21095
12739
5163
3396
12628
12327
17907
6700
6174
16026
14520
17046
8871
13718
7450
14249
19504
12845
571
21118
9333
1335
15613
20215
16743
12031
6212
1753
8141
2515
16962
19046
4445
8717
15635
14892
22383
2290
9807
6315
7604
11769
6959
23545
15729
17527
23486
4161
18857
22954
8860
153
23492
9781
4356
2815
16524
11826
13357
15199
23036
4320
13510
22085
5830
18964
9439
4938
4
15507
11094
10832
9542
22713
613
11378
11552
8030
3059
19144
3665
9018
14635
8442
19583
15432
7490
12165
21647
15924
6989
12881
10071
7165
3448
14174
6183
124
13805
12415
7805
8238
9164
16321
11175
6556
3881
19581
11286
10615
20090
20199
12172
2259
23491
20429
15588
12485
6399
12807
10629
13218
20469
15495
20241
14972
14864
6798
19555
23909
7535
17197
2811
5005
3480
19355
7434
14558
6315
21638
8335
21428
4872
3150
9845
7028
4061
12940
3922
5630
6790
16670
12085
13289
3560
2513
9041
9419
5365
7971
7163
21390
14537
984
18289
20104
18785
16620
14248
12206
3977
3995
10367
15359
18792
5749
17020
16789
7001
3631
4509
2666
18893
6809
20224
21003
12477
13562
14724
15598
1286
5800
9926
15552
22331
15397
899
21294
3662
11772
5879
20962
16740
15982
16712
11657
12559
9385
10355
9745
4262
12689
6117
14570
13186
15809
2021
4423
4348
9640
15097
14179
24029
3364
12028
19212
11758
23687
12316
24009
20955
15205
10962
4723
7569
1871
8673
2874
21933
14177
23347
18981
3110
16630
6768
11394
21577
6421
16267
20139
19668
6245
11751
22255
6338
11186
23856
13854
12594
4410
807
5297
14187
7728
762
21804
10657
12975
11568
3761
732
6475
23244
404
734
20983
19066
14636
2380
6488
15338
11234
14814
18654
19436
8228
10961
10276
20900
4713
7079
4822
5999
18631
7071
7409
17477
12393
8267
522
12603
12094
18353
21646
23536
5335
538
21495
880
2125
22335
18932
8252
4006
5982
9492
88
4300
19142
19421
23745
11849
1181
9798
9874
1289
14452
21362
13645
6784
9905
23459
23725
2134
4156
18379
11822
13979
15721
22851
17084
4421
15205
93
23042
9946
2253
6141
2314
14650
15314
7960
13670
8516
22003
5495
5290
20392
23392
142
8940
291
11808
22960
19912
1561
20388
18528
15128
12816
9484
17993
6798
3935
23858
16980
7656
15572
20578
3391
5417
10314
5116
17273
9549
12794
23488
10640
17499
6548
15951
4248
12437
16402
22689
5216
23979
12664
15345
5190
6943
15590
12023
494
7999
2261
2643
8351
8872
13278
24129
13012
6054
16973
4038
10498
1522
22181
23243
13715
2877
16755
16040
11133
3912
24196
3760
9272
22677
12860
14964
81
12495
4880
21114
6379
10994
9434
8860
4911
17060
2778
24197
18881
23944
20441
8082
23099
14807
189
8748
379
17599
10360
4182
4431
5990
9795
4588
20771
16282
10995
11564
12664
5306
11262
18982
12746
4580
14681
13605
2608
22667
4722
15647
17621
10747
8260
12442
14386
856
9531
10842
22169
18739
16291
24340
12878
12249
216
8172
7673
13612
22774
23702
19637
4515
17868
17776
10185
24007
22691
5880
7152
22034
23681
5253
6181
9259
21007
7439
7679
6932
481
6449
14945
17595
11551
10750
2007
7535
11067
19280
11993
1222
5187
794
11941
13124
22150
7329
16290
1068
1977
23155
2267
20117
8040
14326
8440
7894
18354
14702
20470
8285
13021
554
1724
22053
17672
17572
12888
4333
18885
3772
15265
20515
8567
20928
8694
18947
4761
6927
10861
5555
14272
4810
14776
24069
11514
9275
17465
11950
16074
22732
12349
6677
22620
2036
23505
19406
23669
10262
1817
1796
2973
12393
5673
7000
7831
4064
1414
22704
12092
1090
5510
13856
17435
5398
12956
1312
7566
7582
24069
8604
7922
19721
21726
23979
9009
11583
16473
2871
4929
10078
3183
20292
22031
20103
23696
9142
20067
10147
15392
6101
21950
9655
3018
9769
22304
7965
22487
23630
23298
23876
24101
19799
24413
8583
12902
13816
20527
7107
10252
1744
21035
14351
6491
13540
9988
14407
21763
1460
4735
21982
22235
5522
8761
22320
5906
17463
12044
24195
18262
273
19207
14494
20321
18642
12394
13494
8082
7796
15787
2938
9676
17553
20702
390
15951
21720
4759
10560
8868
10181
3590
1765
12222
883
4184
20970
9331
6400
5101
5414
573
6280
655
20480
21914
6826
4031
7036
5432
10995
19316
5456
14239
21955
20200
4595
19915
15570
5013
23769
24153
21505
10888
1801
10203
18784
17871
5123
16716
19075
1278
13223
11778
1434
24347
18358
11186
1845
21699
143
17563
7123
5609
12220
7376
13825
11290
22955
13568
5799
18698
20555
10457
24421
20948
3813
9399
21411
17699
2330
5708
19170
10162
22623
5647
16010
12442
22263
14616
293
7348
7646
17705
11273
8989
22936
10235
14945
16997
13694
16432
2195
3477
15749
21391
17135
11277
6347
7619
22003
20659
23117
4068
794
1658
17542
8511
20849
18555
22679
14075
18781
15581
1037
4626
8459
22836
22961
6440
14009
11922
1131
4668
16888
23282
10512
16748
12022
5987
23325
18954
12187
21100
3969
23777
15113
4787
979
4060
1128
20362
15859
21103
20127
22209
18777
7615
8583
7221
9319
19329
12463
6056
8084
638
12151
23967
19934
19342
17978
12586
11651
6728
10604
17507
19817
10458
7966
23030
5332
20540
249
5528
9321
19218
21346
4120
21957
1981
10834
2826
21272
4412
1782
4840
2334
14475
15744
21062
17615
17655
21418
14095
4226
759
9609
14447
8020
1970
16828
1870
22397
5510
18664
3518
15363
20166
7488
11425
15222
1972
7071
932
6545
13448
14036
18022
15426
11615
14977
152
8941
13794
23258
4984
23554
23551
934
21672
22889
7119
10946
2500
10406
15808
12502
16316
16199
3426
20374
24744
17569
12985
8588
15887
8113
711
23693
12529
23531
2953
24237
15982
17185
12773
11169
18297
5280
8039
14212
5950
3281
19284
18747
4719
11129
15580
8758
4336
3427
23251
12940
10484
1851
13299
12387
17647
3715
15847
21795
5285
5996
15547
7707
13301
11669
3978
2553
23856
10051
3067
6894
6153
21109
9088
23394
22282
24779
21916
13913
98
21205
13477
14293
1026
2821
8517
6745
6729
21872
13546
21960
18477
13789
15108
15310
7593
13049
7399
5894
7258
255
16380
21689
14787
4029
15963
20542
9254
13259
20561
3175
5534
15739
7442
20171
9494
24311
3056
16928
6404
10559
22448
8840
22399
10866
18040
7540
3032
19564
7513
6688
8475
20319
14956
24559
4472
23825
3833
2974
18287
22628
24501
3822
7055
10955
16477
18717
4465
22187
18868
9557
23461
22056
1929
3543
12035
14515
12876
3542
12917
1931
15676
12650
10328
8322
5894
9767
1220
13958
10636
3599
9250
13136
7836
7241
23699
20426
651
16903
13806
17359
23835
3317
1728
13610
20742
17993
9666
18581
6318
8825
18073
9019
19934
11262
10904
26
2726
4195
21572
6551
4504
15956
11265
24833
21946
3996
6844
24034
1209
7726
9745
19952
12962
23582
18242
10195
23490
8537
2087
13839
22278
17372
23590
9863
7389
18986
9762
8581
18105
14904
22697
23031
14109
4463
18368
6358
21949
4710
22370
12159
7737
21641
13639
20120
2630
4491
11984
12588
18864
7265
21308
11406
13418
9559
19466
2108
6468
11601
6355
3390
22442
112
1017
14526
12747
13313
3153
7714
6130
9823
11212
2225
732
21647
5616
8652
2371
2712
21400
12609
7909
11264
911
24432
16427
14871
16961
8951
21773
5118
2460
18945
10685
4260
10114
9013
20918
15084
18845
8536
10725
24687
490
9503
17642
8015
10529
2759
19407
2048
8365
20712
22865
19168
20719
13126
12789
1264
5219
14451
21219
18346
950
19543
17361
13228
20855
21041
18260
19985
16463
17711
8899
5833
13168
13797
21984
18276
7771
139
1914
11467
480
21039
23672
3286
9854
11662
14633
11355
14395
8333
1088
12606
20933
11547
24456
25065
8798
16512
2152
5986
19829
10734
6334
13571
9667
18470
13879
10341
11464
22438
19461
2210
4972
14790
11515
13398
9511
17887
19100
17267
2261
4880
11870
22185
13945
11022
21269
13496
22234
21687
9728
20001
2303
996
15253
5533
6538
23984
18047
7209
20119
9683
14165
22891
10680
15341
1645
12948
10787
522
13082
8601
23270
6749
14534
14140
11453
6814
138
10604
183
9552
2991
24594
17927
17372
6823
20997
15883
461
12079
3938
9929
13396
1341
9141
16823
23217
3083
10909
404
23692
21768
9068
13451
6673
6135
9405
9098
9635
9326
10255
10797
6207
2227
18437
16524
19868
7034
14383
15106
11318
7445
7435
11678
509
5688
21096
2860
12248
9184
491
3422
8602
23966
18103
3864
10883
15589
15742
9954
12148
14715
16760
12925
25004
11395
19540
946
6673
18352
21053
21670
18343
7187
14580
14445
11068
24071
23810
20002
24137
6745
5357
865
10640
22130
14204
11795
410
13876
14619
23442
18027
11936
2605
5641
13262
13713
2315
21544
3197
19450
16042
17307
14186
10436
16282
20036
6078
5922
13926
9865
4343
4637
10101
14768
4005
14021
23140
4240
19814
3805
4519
19494
17695
5195
4909
6658
18417
471
7167
20390
25154
21939
7859
9762
11423
8446
12550
14689
16279
9340
22721
16643
21580
3092
10349
10457
10839
21627
11074
15953
15658
4445
20878
22522
9673
5688
17523
19839
7995
20886
24974
21978
2025
7553
14174
22381
1542
3827
21699
8884
14954
11423
25102
18615
5892
15178
8198
3007
8283
12076
14364
9156
10461
24852
1014
4282
803
3597
3778
24515
9289
8141
3105
23525
11137
8529
23355
19745
1889
20104
3356
7306
17045
22661
7151
9082
9839
9337
11796
1151
10449
15575
7267
13462
15947
9517
12505
13499
22752
3735
17520
19295
19857
10028
24440
8025
10627
24584
9188
25129
23908
16310
4583
12380
10681
6951
12632
12587
1172
7678
21259
8037
12002
14402
6845
14562
15525
542
10788
20303
1012
23602
11840
19154
8368
10158
19314
5273
11544
9045
22332
24609
6121
22083
2061
1136
6321
13191
25492
3600
10052
4232
24875
21577
1619
15494
20496
4183
7917
19330
5057
15956
24104
7047
611
7418
18131
16787
20160
24149
3562
9420
135
23190
4659
16011
19833
1947
6323
3267
2139
1384
9690
14099
19921
5294
13760
3632
4140
4467
18865
22765
12436
17541
13050
79
6499
2954
17085
5884
15967
6913
1306
25093
18549
10510
23504
19465
17622
3021
16826
18797
4416
18210
4033
21635
17248
11412
15218
21314
24334
21068
22896
21588
628
24743
17659
19148
11404
24683
7740
21536
6056
16165
17539
1679
23056
20042
20192
16610
2647
2959
18752
8491
12438
14651
11499
6290
15789
13586
19141
4821
10543
8758
19132
13814
5283
4945
6888
25346
9287
10198
11867
9626
23824
8920
25408
13715
8255
11029
21304
11495
872
13009
20132
18811
14131
18183
12404
16120
389
16982
3403
1275
13582
1914
2287
21377
14456
8182
12793
5148
6971
24538
186
22868
14894
17537
7912
14184
2668
7099
25647
5844
4930
17094
14620
24298
4704
17381
20745
21414
4085
15890
10381
21592
15687
12372
11665
21640
14135
4810
4319
23596
20038
15248
16576
7636
24803
13637
8248
8577
14506
776
2843
20664
14896
24767
5129
10445
24470
16090
10272
14223
25809
13168
7691
2420
3258
23202
25380
2354
22927
17693
2160
12763
6727
20397
22236
5427
23418
21106
5254
6035
5859
4443
16703
17312
18977
2711
18014
24341
2072
20601
19188
2358
2187
11333
18224
24459
21274
1687
15184
24122
9140
3743
509
4942
152
15855
13487
9439
22775
18309
21469
19133
17680
16925
12906
2390
20502
6633
6295
3990
3756
12691
13381
13038
22685
278
19079
16561
2669
7598
19928
21649
3713
3946
9118
3020
17044
22643
24739
7630
5530
17521
8844
17077
16314
16480
12392
23952
524
4635
7974
8232
14548
12983
24158
8866
18807
15295
12973
7723
25660
1725
6393
16295
20970
7544
20282
21395
11418
21184
11058
22091
21900
10656
8265
23569
2914
18732
16206
24509
11381
9992
23966
15962
16938
20155
8039
24228
15351
12941
23900
22944
17108
23908
16016
13199
20826
5054
16882
998
18311
15360
4346
12820
14118
9709
10580
6989
5829
10881
18301
15474
20621
17301
1222
13163
7939
893
13789
10733
6568
25966
25093
8191
8790
12875
12321
719
16430
22471
12117
13707
24587
19910
24528
24801
1769
231
14862
6735
15305
9604
7148
14700
15429
2176
14718
477
6161
4486
25667
12619
20823
4065
20686
7636
15555
3836
19926
8522
7694
242
25342
7855
20093
2797
21629
4635
11107
7912
383
2355
367
6647
4623
13389
8837
205
8683
5161
12520
11772
19299
2385
16858
7283
7229
17307
9254
18553
9852
10394
21163
3891
3286
3530
11772
15528
16257
14667
10180
25071
6395
24471
3114
11520
24552
24207
21248
12617
11258
185
17053
5140
19495
2469
21744
11190
3882
24724
14987
11881
6952
17009
15344
9322
7591
22863
17115
12051
12916
8753
15638
14197
5817
15925
9297
10937
13140
23204
12631
7200
23516
6454
10647
6254
8195
6156
10448
3112
5850
10703
5973
18592
19995
23239
13332
9450
13727
14150
22846
13955
303
19218
5152
20944
1165
19311
4577
13996
14418
17983
11678
17226
21371
10734
24211
14449
1504
15501
3697
21699
8010
15016
12907
7138
11268
1738
15450
8639
17782
3867
1753
1028
10206
1991
10206
20124
25460
20899
18185
1483
14920
12542
18953
8328
10172
6404
5708
19534
7059
8981
3071
12430
10588
2500
12474
9995
4872
1539
11148
4277
9222
9379
2917
24991
21379
2544
892
8257
24069
20822
20096
2636
3254
15945
19187
25158
20799
12746
5601
25749
22090
17129
14383
21421
4195
2513
4290
21567
17456
26155
26021
23454
24408
7354
12801
7966
24807
5006
25272
21653
14768
1844
17966
18620
7050
10288
20854
21479
1599
20736
5521
18952
24691
4162
8656
4591
8442
19308
20996
18531
23814
7466
24347
10907
4894
17170
18666
7169
11918
20780
6096
23888
23941
19613
4234
9042
12317
10242
13011
5532
1817
6421
22762
2749
14995
884
17797
2036
22054
9110
5729
5417
6340
1758
22738
5554
11929
7647
25570
14464
10530
7048
964
25453
12141
7326
19166
15882
7328
14699
13328
21468
13792
7267
3013
14115
22365
24337
23958
11917
15234
23579
11724
3371
11011
24615
25019
20990
25224
19238
2268
16541
16379
19600
9362
11550
21987
23523
4779
12729
11508
18529
24996
5786
6839
616
7854
18787
19543
22131
24037
12294
17608
23333
25374
14825
22281
14332
18001
24636
23246
11398
7219
18010
18407
17984
23502
8450
12027
10764
10217
18584
8894
11371
23728
6762
3075
25743
20072
22573
7099
1042
19455
14741
16642
21861
5949
18916
23804
19371
1913
12663
3965
9047
17783
3816
25445
13663
24035
10916
21740
17157
26138
15639
17560
16535
14554
16248
17981
9950
14981
18440
23305
3180
2627
26281
9359
11647
8967
24805
11339
7622
12384
8478
24474
2271
7567
15632
12640
7140
23515
11939
24679
15545
21171
11564
4795
21643
22765
6322
8988
12668
21203
21673
13525
22617
6703
13406
6630
8676
11248
13525
14207
2952
15112
8120
4018
1784
11435
9120
23329
10556
10789
10488
18498
22074
1621
1394
7611
4593
25499
25085
6323
17135
17425
9404
4278
2056
11655
22644
8718
17813
1390
2024
15209
10192
4167
12600
2029
7852
18198
6061
22204
14237
9763
7035
18163
21414
23988
2460
14830
5511
9684
13167
3979
13275
13265
24703
7447
14905
8658
24596
9365
10301
22527
3936
11435
4411
21415
4999
11305
9846
15793
1144
2989
25709
9159
25750
13661
3955
18373
23427
23288
5435
11899
5136
4319
15695
3573
7712
875
25191
5098
2998
19504
18088
7859
3709
5478
20193
22121
23773
15627
17205
4011
13097
12207
1460
20357
10129
17251
16541
4093
25330
14581
19960
4170
18332
22516
19901
3135
17262
337
18297
23241
809
24362
25286
26008
16886
23574
21322
8864
16313
11473
15560
5148
3420
95
5601
11595
17737
5659
3515
4978
14764
19846
4379
4900
16885
13075
9778
16047
3613
25881
4561
15461
14229
13700
23961
6800
13228
10314
19685
15114
24812
25725
17745
25057
10713
17739
21670
25641
19869
4371
13473
5285
11143
7384
18629
1776
14518
25471
19827
22751
14117
6302
2240
22932
10665
26077
10179
26343
9870
4680
3618
5750
9127
16397
23634
4191
680
6908
13374
1045
12201
23380
16351
10520
17374
20727
13186
13261
19572
24709
21036
26446
14186
2504
12895
5420
11411
16332
7415
3767
960
25149
24857
11254
17413
6575
8311
11324
23628
11252
7976
20012
2190
12560
18301
23376
26353
24830
22840
10563
11128
17735
10499
16603
18440
25183
14583
993
1686
15273
10082
4716
9249
11205
17199
3496
4829
14407
12744
21531
6917
2811
8077
23303
13646
1872
25674
20493
1237
14192
23771
9372
4514
13348
11942
10006
21879
10562
12287
10801
17210
16511
22124
1480
5213
18376
2509
4309
12427
841
10955
23740
15028
18362
18558
1081
16073
9070
7026
19274
13104
19934
867
12953
19562
7093
20933
20440
22742
8953
11412
10034
9155
12461
25143
16563
16794
5746
6113
9057
6344
21397
21251
24721
15956
16251
22963
24759
18450
16906
1335
5602
15301
5467
7823
11086
26583
22956
8218
18026
2941
2242
25801
134
11018
22620
21489
25978
13110
24463
81
19474
16105
16165
5692
22096
4638
26161
9363
4737
13802
22803
25038
17885
14085
25449
5010
20889
24129
19214
12777
12402
23856
18406
25921
2799
20609
8115
1519
24768
11560
4531
25374
9096
10771
6285
10210
18919
28
15638
25959
24306
11837
23500
11175
23416
2682
25619
16010
2633
17232
26483
24332
6458
24633
78
17613
8765
215
11711
18933
16095
24455
17543
25373
14708
13851
20179
1312
22893
7046
23989
18479
18756
8702
13584
17429
13713
7375
13900
4068
11308
20224
20912
9184
2499
6565
21734
2420
11751
15257
4923
8537
10209
20980
11041
9275
13498
19865
17358
10539
8308
1198
8470
3774
851
13561
16965
11312
14948
5284
16141
26651
21004
2973
5481
936
619
15689
23306
3298
5224
9988
18811
17699
18805
22526
25637
17996
1007
26736
20203
14639
10118
14530
5844
2455
11266
5420
14413
2910
21149
14032
2170
4991
21348
26280
4605
3886
6132
26467
19406
3086
24850
22725
16900
13561
4485
26138
22249
22819
11281
4905
8037
17517
19963
12708
3399
10552
11167
3997
15371
6746
11441
9473
10889
25315
19908
25069
15581
6492
11143
7110
9038
20000
9784
15687
23629
21111
2457
26072
9245
26520
24793
8700
10633
1443
21289
11686
26902
16983
16853
20271
7385
3510
8814
4760
2590
8429
17023
17057
4943
16073
208
20946
9387
7936
9187
3273
3072
2804
24420
20570
18050
9414
11810
17243
11080
25089
9358
26972
16195
6458
19922
546
6240
23114
17157
7148
12893
19925
15674
11506
1411
13149
11455
16732
2077
26978
5394
2628
6323
386
1200
7425
24485
21903
21053
23898
4995
22119
19796
4187
14664
15310
5807
8377
8110
10939
8106
18055
6481
21083
3802
22102
6561
9098
18573
6078
11044
15459
21539
3858
9014
7450
20345
7554
6032
14959
7777
13055
24629
10838
11621
22455
14265
8231
6414
5270
8742
10700
13318
8628
25513
21018
21205
17156
4282
19466
13400
12056
11625
12921
18913
26204
18648
424
20657
4405
3935
24798
26168
4659
26351
16769
20468
10063
12165
25222
2703
17435
2917
2895
15310
1109
13602
1637
11293
22524
5807
18525
12290
7803
462
3596
14120
17855
12559
17189
26773
659
3486
1555
22791
17508
25137
19691
9504
4614
26717
25101
7130
21144
3376
5553
6873
6679
8079
7577
11700
2141
13469
8513
1473
24893
10616
5367
23567
7623
4893
13632
2269
22332
22555
8571
20124
15375
11306
23520
22065
12886
14936
3282
18693
6476
10919
13791
17756
9801
9245
21535
25359
21023
12087
5414
8918
12212
8066
6853
26449
18757
19296
7050
23809
21797
6671
4126
13748
6669
5763
4390
23728
25729
702
1693
9075
3815
17434
24447
21222
26446
16870
7278
20940
6101
9194
26948
19729
11008
11042
17192
4003
15536
15185
18764
23342
8660
5287
20444
313
13073
6259
2071
8627
3583
1375
22049
24158
27208
21293
21441
19782
17507
10155
1963
2171
6642
18005
2107
15761
5442
17857
17991
10021
16429
16539
1064
22772
9390
26081
13505
5354
8055
20638
10897
5417
11892
14224
25289
6201
18370
12664
19054
25476
8919
12227
3807
22013
21797
19012
25069
9338
19804
14339
2706
23621
26680
982
1550
10732
24894
26839
12087
6876
14113
6274
16483
13526
25306
18055
25216
21172
16340
15061
11151
6541
23780
13257
7033
704
7897
6794
8630
25391
13233
16785
3418
7139
12571
21805
4831
21302
23262
2579
8845
25636
14532
13296
18526
3056
11375
21751
8244
12120
1018
7089
16705
2145
20038
11805
14622
8384
26852
23392
17478
6080
24044
23641
12663
12376
701
15675
10510
12472
24199
14413
9569
24956
12668
17317
26226
11087
10428
6342
26310
10886
24482
11105
15660
22864
23230
16782
21093
12378
15727
12724
24262
8910
23195
9471
20907
7256
19183
12604
11502
22555
21204
19039
10218
10317
16654
18859
18189
24878
3535
19237
23748
15012
14912
19264
18071
14644
25283
23292
670
21567
24673
21623
27409
5945
18978
9664
22939
5750
6957
3428
10626
7228
5258
11786
10154
3174
1539
21883
13056
24373
27100
2815
22318
12775
11804
19072
15122
26522
17043
17566
5311
16093
4406
24171
13659
14829
27229
22929
4998
15615
27340
19622
9557
19074
20759
12725
4465
1177
12894
17323
27289
25686
20970
15688
20942
10054
8711
21849
8041
26154
18286
23776
18620
26238
26105
5342
15505
24547
20993
14215
25367
9118
20501
24851
4667
24217
14064
11023
25392
4377
21473
27171
18978
7839
4793
4521
22099
15735
5384
26429
18142
5501
717
21998
2668
20228
23919
23518
7061
17793
3419
11243
22562
7179
11122
393
20835
27064
1930
27053
8260
17976
15080
15428
21335
13020
23473
3467
24857
2549
11193
7424
6609
7294
10013
11698
22714
9276
18612
9016
19405
22166
25336
11036
3355
8390
983
24130
25294
22567
24791
9799
26135
27408
2075
26111
14626
22860
17604
17782
4757
18667
22127
9588
22588
18125
9920
26331
17721
26477
26026
2499
16240
3414
20795
13035
27544
21340
3345
5956
17504
12309
14016
3537
8500
22095
16971
13229
10089
27002
21019
9329
23199
18156
23990
8147
2048
19492
13818
24717
27511
16583
20630
2431
16786
14137
21005
27532
351
11709
27543
7950
24536
24550
10197
1958
24297
13857
9801
3502
4899
9876
19525
22783
5989
5835
5236
26152
13426
23298
13924
12341
13289
12217
12482
17586
7544
9526
23881
11234
18059
4736
12631
4491
17522
4438
14042
13723
4386
21434
8904
11964
20791
8657
10354
25985
15065
4303
21084
22783
26880
19810
6856
2153
25812
19858
5676
59
7756
5319
22868
12639
15471
1358
11419
20793
12199
7400
8017
19968
11237
17084
24435
2474
25884
7794
1192
3663
11799
19952
26769
17781
16358
18709
23122
8199
15105
26483
11031
8357
15171
18215
9638
14443
22071
11060
24447
3300
9334
20956
14690
15020
22405
16851
2917
14312
6597
27484
5806
3266
5635
5609
2848
23408
23590
4553
12918
15300
6763
21099
26956
27615
20196
18392
7266
6212
3382
19889
11013
27416
3107
16035
16782
20667
7501
2414
1301
14796
22798
24520
872
26428
15673
13306
20078
16252
2440
22836
17445
4303
10317
4128
2560
26093
20018
24726
13780
1699
21281
19980
17981
646
18460
10065
282
14641
9321
725
7170
6535
5534
12078
13178
11049
6584
6811
26204
13917
12703
19408
22658
22855
13629
2113
14839
20884
7656
16789
850
17537
12343
16902
25747
20312
4011
8290
10985
12613
27555
17514
7056
9091
27112
12760
27055
24018
1725
13421
1727
12579
15355
6828
9910
12944
1199
4813
6053
17139
3198
27195
9580
12941
20949
13109
20436
22222
17069
13561
10135
15678
13119
10154
16315
14196
5491
573
15089
18877
11764
1748
16965
2977
15480
21309
13417
39
3882
6101
390
2632
4583
1689
21686
17575
24283
3754
7931
24832
16880
16047
27801
18143
6288
23388
9382
20724
12342
15091
20241
11710
26931
9065
7445
19587
13792
938
16328
10378
23602
22861
23347
13700
23304
10607
12511
24646
8666
10207
1867
22094
9673
14185
27321
15013
23955
12551
985
8432
14127
19192
12729
16904
23864
9572
19849
14262
1015
11581
22646
17745
2325
3877
26702
16306
6295
2840
26403
22949
9310
18906
961
18187
2802
3274
9416
20355
5220
15093
14727
24120
6166
17301
9796
1154
125
17866
654
9606
20427
1033
25750
26743
17713
3567
20738
20515
24142
24973
7398
5793
11061
8779
22491
23375
14264
3417
17151
17622
963
26804
12387
17869
11388
2214
2972
16808
5079
4523
27039
9881
4794
24524
2234
27348
18890
9053
25391
12820
14138
23021
16239
10492
27692
5504
17137
16710
8007
744
15385
3077
5959
23969
403
16181
10184
14721
4626
11407
8510
12780
12237
23450
15677
27267
5437
8616
14386
3934
20736
27004
7336
2158
26604
27144
5216
10677
26446
15282
17210
1651
19027
12704
16812
10585
21127
15493
17659
27100
22012
1323
14110
1180
13181
7714
16227
16300
24007
2578
24162
10505
24340
6512
14405
8740
15343
23484
10935
11486
2811
25053
25090
687
13442
4878
11147
20608
5336
11514
25614
14711
3409
5888
14596
12022
23426
24081
5842
26916
24601
18507
9248
18700
26771
16972
19279
3806
22831
18915
17631
25680
24345
19654
17820
23351
3925
12453
25620
1470
6543
9236
18276
2707
25610
27116
14018
15170
17764
21861
11470
21884
25936
7033
1527
26127
1783
14735
27504
14821
11582
2378
11165
10225
2870
3389
26834
14653
19019
10833
27241
13038
16253
9444
17418
9512
18531
20157
12147
12659
27915
25341
873
6685
25914
2387
17437
14454
18859
24861
27798
23655
5249
4033
25069
10655
27854
23713
18714
8421
15293
351
20142
23198
11152
16942
21057
17203
27515
6716
16213
24732
9730
22131
18302
8786
4163
6987
25547
18847
7572
23399
4548
6996
18856
23652
12125
23947
10665
2742
10213
11527
13495
3171
20617
7757
688
475
23279
24727
27047
27111
9554
7580
11298
25786
7365
28142
13869
683
13215
13230
7272
10862
3923
1907
26904
11746
3186
8343
5417
19781
28152
11598
10863
8928
5531
9541
22581
4128
17253
18460
22592
12026
2226
6313
19862
26566
15455
26751
1001
1500
1868
2984
13120
17546
5751
12755
14075
1499
1736
26017
10327
9701
6348
21879
2893
2184
9595
8157
21105
22528
19246
19291
1403
26159
27415
10545
15860
4315
18238
6638
20047
17911
11901
19546
18178
9612
23047
801
4321
2637
5590
22907
1595
7131
27131
8796
26368
2956
9196
15090
24592
10730
2317
15884
15431
18920
26420
5178
27170
18865
62
8805
3279
16646
2862
20060
5120
1501
26151
12398
9001
4812
26459
23227
3100
5568
4486
8611
15830
18317
24861
5729
22764
23276
25669
7922
22519
27390
26520
12555
2706
16250
2167
4268
8311
13437
26200
2502
18511
12976
27904
2114
20064
5966
9735
7999
16900
15095
5603
8174
28274
18506
4620
3690
4625
26828
14120
22859
5669
5623
13146
19379
24986
19430
10837
20967
4203
2428
11795
16986
2278
9008
4544
15815
8151
15573
3092
12577
28035
5573
5518
20274
25932
673
18813
26221
5835
2057
11158
7637
22323
11820
3951
8133
11955
4276
4997
5284
5604
24064
27537
27097
21976
13632
8308
13222
1039
11018
6021
11206
3407
9475
5458
27324
21489
23357
19024
12298
20603
8737
24093
7076
13360
21727
3485
5458
17625
24745
3209
6160
24729
3485
20601
3772
21527
19204
7741
12508
7234
17456
17122
11476
13022
27501
22487
23851
14344
25515
17865
22692
23196
5183
8121
15840
11315
16813
4614
28168
24864
15380
19413
5163
15599
8946
634
21584
25565
2292
13221
17440
21525
16811
2386
12708
18339
7085
19277
22375
28127
5720
10549
8528
12582
25681
26414
25090
20263
8653
19969
804
4845
18680
15688
11872
18439
11209
25498
20706
24312
10491
15414
22060
25536
28349
12308
7117
14989
5527
27243
25696
26782
15509
1342
3158
7623
22462
24421
15934
6226
7984
1746
22910
9279
25572
7260
15513
13860
14745
21950
17373
24204
10170
27348
11135
20430
20363
5192
20921
17794
6706
24283
22004
1728
16998
11103
3412
7832
23926
14832
27
26373
18533
16748
8054
5999
1509
16363
4853
11219
4273
20942
19302
27325
26313
1864
8361
18159
2501
14062
21286
238
26550
10935
8888
3163
8972
24002
28367
1416
14470
7553
26965
12860
22584
3058
14234
17479
11742
27663
6178
19383
1588
22833
9588
7727
965
26663
21101
12104
2241
15875
21018
4250
14031
11753
3264
6002
12344
13561
10401
28324
9834
26285
27158
25583
9886
7926
9083
10861
17139
28233
12973
9814
6126
21002
4621
8490
18018
16752
22306
11941
923
8863
7433
23038
27509
28277
27750
10279
3214
7112
2148
16591
19626
22030
9423
20986
12257
17714
23056
28000
8275
3164
127
12305
24343
14393
4415
309
10792
26000
17526
23271
8092
13602
27807
20193
25786
914
25621
17612
18797
2302
14030
11661
527
5937
5252
11520
10552
24011
18306
22374
5601
22461
18153
12955
5966
10296
13491
15961
26183
20126
10894
27706
8597
400
21111
18185
12740
4213
16985
24750
18107
18147
24110
17048
13330
22882
22891
18007
18948
11400
6274
10201
10964
12261
6394
27847
20489
21825
9814
20683
14777
25740
19235
13997
12655
20909
21657
18667
21283
12243
14168
24150
1835
27308
6093
9332
10413
14057
10446
262
10061
15668
15770
13028
8636
5507
8915
23136
1648
22865
26057
26450
8782
13444
18258
23146
405
22
6893
21486
6347
14543
4601
13190
11796
22768
20533
11113
14114
19401
5172
18058
8099
20984
21959
23583
18767
16726
18192
23730
15582
10028
12634
12576
2169
16809
16557
3499
23295
1126
21983
14413
15575
10430
2566
1156
22589
26244
4691
7846
22420
20369
8462
10466
2268
24929
16404
10521
5924
11503
1276
15917
5583
8564
16562
6283
13654
17152
266
15249
15661
27884
13999
24825
28344
12667
21178
8431
3869
21510
8726
21480
15799
10102
17904
27728
14442
3024
9269
24869
22840
20707
22465
1338
28817
20614
7817
21450
9166
17473
24335
21482
18442
13191
19077
6098
1259
15730
9078
865
24862
15676
13541
2064
21998
18819
24255
21875
4403
7933
10061
17129
28055
16516
1898
3869
21696
25867
6222
10210
15713
18770
5444
18258
15599
3565
21239
17716
3794
24502
26987
17145
21696
18907
379
17332
17281
4375
27575
19622
19790
27081
5639
13451
28332
548
18366
449
20549
13326
2704
7176
13537
15494
7062
21163
20499
22437
20007
9119
9302
17756
22102
17734
13267
21716
1602
8641
9012
10012
21941
5008
4041
27952
24586
4631
25931
24654
19733
19960
10278
18846
19954
22572
21623
18606
15393
23476
23427
7961
7992
6633
5690
11137
23259
3379
16035
25215
5138
6577
18949
18481
7509
5182
3736
23817
359
5877
6545
27488
7334
4476
13850
23813
19822
7994
4650
4725
6447
13960
21838
14099
12750
733
26707
1265
26218
895
18223
12034
4983
28135
26102
2769
11448
25537
25919
4393
5392
18958
1577
26054
2471
27477
1070
17469
23275
9189
26955
27031
28997
24184
27807
2951
26431
13873
23965
7005
24804
842
28770
11484
21154
8884
8909
23863
23597
18048
251
18054
18726
18275
22128
1169
11854
4338
21959
8785
7615
4850
5045
16080
24672
2277
4413
9271
28495
1221
8593
6022
28323
9224
14267
11239
17795
6354
7559
4134
7859
8638
4481
980
16191
18859
13687
11835
5291
4392
8709
465
7221
13524
6232
11137
9787
5676
1265
4183
16531
1079
11617
23589
22369
12762
10908
16792
15783
16804
13736
21292
4061
13807
15445
5332
2937
17975
27786
8870
7787
16573
13299
28178
3095
27189
2786
27154
8012
16947
5525
6500
27204
16862
13888
21315
10546
4363
11095
26162
28572
26159
3350
5985
16562
8446
23069
8018
16809
3439
1840
11845
2070
2830
19539
1335
18062
18136
16757
4590
6079
20247
28309
16666
4232
26646
11679
14853
4840
6263
11023
16181
22833
1043
18895
28161
8031
28333
24354
27438
22649
24924
18624
26611
17319
20657
14316
22791
6340
12880
7819
20701
28902
15775
6278
3312
18782
10441
4498
19653
25294
11934
6004
17101
15835
12129
15955
15244
2453
23378
24513
20284
18536
18185
6342
6991
10338
16295
22067
10939
7667
4879
11532
23120
1518
15019
24816
23091
10861
27682
23790
24652
23833
13337
17372
26394
6408
19442
6266
11832
6468
11380
28839
15550
3484
8502
20803
20786
1826
17105
24108
29031
11371
23515
7419
737
5698
19688
25664
19522
10948
1210
19997
5307
10374
21511
2563
7541
22731
1055
6377
1902
12010
26957
12156
25525
11687
8115
18361
9511
23362
15851
23192
13963
27725
14999
20702
2947
22926
23180
9930
18529
17842
24405
23705
6097
12237
12937
128
17750
12799
18191
2907
14185
26020
28248
23622
5796
12843
8755
6747
13586
17004
16165
1267
28926
13966
5334
18738
13413
9364
21171
7730
23270
21055
15057
20294
16766
15171
2794
7367
12534
16013
13434
6856
20625
851
8787
14606
2430
20835
3643
5354
12140
21619
19209
16337
7016
7296
2847
15416
3135
19268
5192
9237
18560
20799
2754
9676
22377
3276
17658
20636
15054
17823
3783
19744
27328
26234
8116
11304
23476
14883
9346
7909
10152
250
27841
9614
23688
627
26131
13187
6011
2418
27727
883
22947
25379
3048
5625
23553
8002
13588
25268
4879
20789
23731
25044
20314
23299
19951
7928
26516
15326
24759
12255
19381
2802
26164
25849
22288
5378
20459
6239
20302
5352
28641
18804
14893
23242
8948
11017
10845
12528
4093
11154
14836
21676
19579
12687
18358
5261
24286
12253
1611
5996
23465
27601
6156
24824
25254
10730
18812
22439
1815
7213
2540
10429
1175
13309
11036
12954
15087
25743
19977
9464
16938
3576
19685
26585
23141
13905
4870
9577
3048
25024
17896
10097
5704
3995
4527
20092
1297
13382
13495
12996
20548
10473
29011
24727
8796
13236
1221
2133
5462
3738
20108
10658
22057
10598
26050
10039
7965
687
22620
19991
24194
15864
2741
9954
14721
18757
2994
25928
12686
22220
29406
4361
22050
9151
13781
21635
16586
11462
13803
15826
12750
19832
19192
3791
23086
18042
7559
4300
25983
349
24586
10077
27040
22953
22709
8756
16834
614
14244
4322
28094
12850
9828
25174
14643
27938
967
25220
5209
20823
1680
26982
24750
25402
12345
24487
20135
26971
28597
17463
28706
8854
16749
13288
18119
21939
8529
14064
20981
24292
29088
19039
6314
19611
3731
5413
18386
13394
363
19135
17835
14053
26620
16581
28975
14849
5560
29345
5735
5463
16969
21810
4122
10953
6455
26623
21225
28369
9518
12465
29013
28786
21256
8364
3707
7424
19592
428
22554
21669
4558
7324
7923
12948
13968
12259
28407
5296
8794
28171
22160
3631
2746
15027
3244
13258
5710
5774
7817
24191
18409
6028
18145
11462
13696
12917
7185
29515
5393
22075
2092
17290
8924
9922
23298
22008
3745
2805
6483
20056
26024
9624
16549
26867
20498
6634
18590
4378
24700
12539
6976
27247
11326
28014
21428
1653
28888
11956
1856
1367
12843
26919
25420
19238
4167
12189
26701
11853
21177
24340
8421
8538
10555
809
8825
27055
2150
8024
24970
8060
5340
7678
22965
15332
24674
5967
18777
17275
5207
8437
11355
5874
23560
8316
11927
9524
19692
24128
20637
24733
28464
8771
5291
3251
458
3347
29459
11611
23356
24236
4639
3405
16809
9588
27424
8300
22949
16015
18483
23985
2041
18463
10785
1059
17234
21148
25716
2314
27566
23634
16616
17315
9012
4966
16625
2529
1679
6893
10133
16552
14966
3418
27760
22178
12412
19229
26016
2233
4126
3089
28471
11090
9870
29123
29367
16426
28257
23019
18243
16010
6907
9619
14411
21898
21224
1975
24059
29466
29746
1095
4193
8608
15753
7799
26478
24703
10099
26999
2425
28968
1820
23036
20990
25394
11307
16028
4241
6203
5523
3491
24727
27892
24451
3191
16219
21942
19520
7680
28196
8765
21496
19682
9288
5969
13126
1509
6632
24149
285
6512
23603
3238
25147
2640
279
27252
17481
434
7829
4156
239
28925
6647
7834
26416
14535
24310
29562
6517
4685
23830
6573
1551
4361
8833
3563
17949
8805
378
4712
18954
385
17625
17567
7850
18419
5306
11822
23410
27675
12001
14826
24840
21025
21315
1385
8538
4614
26182
1879
28158
7617
28284
8228
9367
19670
20037
22945
18430
19636
13469
17454
24809
4996
7418
19079
6322
25528
13617
15750
21595
701
6347
6643
464
3254
10684
6486
15654
24991
10410
8835
21391
26428
6358
21486
10305
23395
14196
12239
19567
3468
8045
17893
14021
11126
18776
827
7866
18254
16984
16356
18383
91
7179
20434
23140
18048
14678
25625
10018
15026
11586
22467
14856
7883
5144
5137
6189
20564
21430
29446
28263
14701
10803
5656
27225
6290
1921
15952
21448
14392
13921
17740
2823
28544
16809
17663
26674
15204
4109
12319
17673
732
27124
8169
25882
14354
9556
17675
15632
3748
5312
29157
29803
20615
12946
12995
3912
120
1770
20132
903
9517
21453
8228
17822
3625
24721
17113
4837
25390
13180
1842
28240
8156
14134
9398
5654
12047
23665
18996
20194
8920
6829
9516
24480
8369
1694
24385
18143
4001
3545
12608
8434
3824
9795
6724
25037
4265
12816
21537
25494
12529
4800
7491
17752
8967
9951
28676
13721
9274
12135
23586
7355
23474
9195
16818
2775
23482
13943
16118
2870
27514
29074
17488
8475
19915
22433
12600
17236
6171
26351
22548
11898
1846
18483
13314
1842
17172
15400
27132
1277
29155
8361
17457
6870
7787
26949
18185
4304
24208
21168
14184
24222
15776
9775
12011
13596
22708
10771
7793
26974
28142
17945
20358
28422
15890
25988
1710
12174
4838
10705
29268
15148
11634
23201
21487
1538
27126
25217
17725
14407
4407
29927
22454
17527
25786
8953
13556
13774
7769
6365
11879
14173
3101
21066
8658
19149
18565
12868
3104
12984
23125
26613
19140
912
3606
8962
2920
29794
57
20370
16063
24999
24761
14250
12919
22472
6371
10366
30011
5261
13439
16117
13877
25283
1884
7980
19841
4510
27333
4671
795
22736
5277
20172
10416
28398
26324
25830
434
16650
15172
3701
20693
14039
12232
9484
6825
6040
28412
13760
11597
22357
24137
7113
28220
7679
20390
29251
1430
11953
16863
12824
18796
9021
12957
14553
27773
13057
5073
11079
14281
649
14347
11380
8866
21472
12817
14674
7176
9872
29652
23793
329
19558
16339
4368
4547
7582
14420
9558
23386
26494
8447
19437
12360
3090
5140
21086
26918
27172
9586
16100
21289
11415
28044
24070
17376
18602
4324
10361
16905
2755
904
6020
22707
25083
29860
15369
9019
3381
26356
8348
17453
24836
23732
8282
2638
29772
5277
19316
21073
30086
15476
4870
10423
14679
10859
29128
30030
27781
18147
2287
12497
24741
28778
14440
16255
4337
11400
490
1754
6268
10004
20092
17412
19569
17778
2641
7374
600
30087
8154
26231
14959
2808
20141
1108
965
22440
2701
29372
13160
8659
17549
26278
4178
12737
13681
14677
21350
10354
19559
28800
20155
22933
12839
3103
890
28097
13113
31
22557
25380
22317
15804
11117
11312
23653
21948
12501
27232
1619
28428
25404
14062
1795
24061
4624
17682
16972
14405
3021
9457
22392
15759
15702
14949
2682
9584
1429
29472
24917
13455
27510
23758
24303
21550
18256
25719
25085
22910
27337
20193
24968
22716
25517
6483
16008
26551
5954
8365
9711
16952
466
16240
30130
27852
13743
2519
13690
239
25938
26270
7993
7377
8257
29755
21920
2351
28276
22631
28318
8697
29994
17520
7037
1215
21970
5287
3559
2122
23053
11256
19705
6247
4078
14293
25321
22696
24556
26414
5942
6508
4852
432
22981
25955
21218
8035
12230
27189
29283
13945
12646
1662
26251
14861
19340
29958
20597
1796
13332
21589
10750
20642
14221
23051
18698
16740
26290
3069
1720
2213
27391
14323
11815
13242
25534
27551
24067
6523
9186
11314
29457
4455
22906
14027
9508
19739
13251
8753
17765
24536
21500
24358
19913
13593
8950
24205
23521
3368
23280
9773
15833
6446
17253
17342
24246
23968
19835
11614
11544
22040
29767
21413
22794
24453
20084
24206
21771
30369
10236
13381
5304
20920
27905
850
6178
3040
20420
29697
24468
22709
2712
15764
11852
5660
2152
1729
2080
22732
11879
2598
26909
14628
20497
20119
7060
7572
15015
19274
15182
24020
21338
9520
29016
13135
16711
3245
14117
21313
5722
1317
14451
4865
20678
3780
8405
19386
22253
12010
7633
4642
24723
906
7501
25552
22182
5893
16824
19297
30098
25001
9044
18995
21749
28231
7605
17542
16169
20029
23534
1813
23081
2234
27152
17047
6223
4525
5304
26053
24014
4737
15013
29316
17386
13828
6120
17611
6501
14880
461
4994
999
12152
8769
22761
10165
897
18159
15053
2359
21924
21878
17836
24747
25211
9877
4440
8111
12242
19641
18882
15227
3437
13583
21209
30114
23221
21789
21619
4543
7091
14741
16366
15920
9922
7539
25571
1719
16908
16093
12462
29998
27280
18788
2132
16561
18372
27875
14447
29820
20239
25669
359
29329
14485
6589
29177
20214
13462
26715
3569
2962
23929
27241
16019
3573
290
22975
28172
21588
21631
27295
15230
26370
6470
14637
25962
9465
5200
20188
4394
302
25529
22732
14553
24378
28896
5962
9300
24977
2754
11840
4799
13069
17670
13684
13901
22009
7819
14511
6677
12185
22716
29512
900
14853
3178
22838
2996
15814
19618
24358
22588
23741
11830
20078
23748
3373
26025
3712
8569
24291
30037
30618
23550
14418
7133
24287
5996
25044
7160
16977
3972
18656
3056
20944
3620
2979
21954
28531
20639
10547
4130
7132
28750
7735
14450
11513
2015
7824
19668
18337
22548
7475
1666
269
10
14603
24607
7521
4520
16455
12306
2358
28977
11224
5886
29028
28225
9043
29117
2954
5676
28117
22141
25994
28235
29716
3650
21504
4598
17515
18006
6727
6138
20237
8553
16025
24801
28346
30502
1969
4974
17416
378
10514
30118
6259
18665
21034
17975
21506
22713
27334
27997
5184
25816
22041
10869
907
26537
10101
24528
21805
9173
18979
16024
6952
3047
20746
24890
19325
349
4433
10230
10675
17678
4728
25682
19789
24506
409
26351
5001
4523
19871
19979
733
19537
4487
18951
8874
12127
8605
2859
2466
20050
7010
6677
16472
16679
10959
20864
30179
16420
16877
23038
10903
9256
16992
25349
9138
23461
18339
30075
12482
5976
15208
28199
30800
16863
1546
1370
27045
10866
8949
19226
30168
25345
8823
29866
14771
4565
13643
30058
7540
24052
10520
28461
6901
17370
11951
18610
24654
22573
6747
29242
24652
24746
18383
9745
20139
11331
9568
15406
2840
9129
11579
1622
14787
9894
27854
4479
14210
1212
20026
12192
4991
15379
18443
252
4519
29200
14224
5526
23783
15582
19137
4537
1013
20571
646
12441
10137
26937
12680
4538
13216
2442
17214
9683
24525
18269
11107
3931
29215
4587
30615
7191
18816
14115
15614
25271
13855
9407
76
12569
25219
5668
18329
24559
2518
14612
27210
15702
2926
9362
11538
16804
30577
19533
8591
564
21756
6299
10387
19700
19372
28452
19462
5214
6309
10873
23047
26848
16909
20752
5539
15634
8441
24328
13845
23887
24070
15504
22790
26676
29722
17127
20152
10374
8237
27012
9393
4649
13110
25055
16684
9603
14834
26767
30931
12153
16166
769
6142
25469
18688
12658
20421
14221
4492
7110
11871
27438
30226
21263
29553
9770
9758
15543
1902
4520
28196
25748
20514
29409
28520
27281
19157
15010
19776
1516
8719
17272
25871
12089
9275
8847
1700
21313
11914
21360
348
16412
19150
25085
6647
5269
14323
18087
23678
7855
4466
25587
1088
30061
11914
21493
15943
29869
27263
7814
12080
16599
24406
7564
620
24154
24722
18826
27266
12740
2748
30391
12440
10179
14833
15003
23110
4688
12240
17551
3029
14766
30903
30517
22030
29634
7070
13032
14260
4493
7261
27313
23006
6660
17838
4634
27030
9117
11429
9391
22265
8735
16796
6257
28587
30230
26587
28000
9570
324
12480
10783
27868
5411
14683
13980
30971
174
19371
1685
16514
7345
22017
10695
7923
13691
12997
20615
3804
28198
13935
30411
13010
27676
18856
20672
9368
22266
1626
6152
25013
22488
9225
2856
23762
25155
8683
2513
16461
27292
21332
9400
13325
24302
8072
21093
14093
2339
25930
26219
1602
14289
30689
12010
16446
1753
20442
11262
1135
12886
979
6582
5017
3039
16412
3161
24072
11619
7664
22456
23306
28727
21762
6211
21293
22697
19917
25477
24602
20270
24714
21812
18913
27027
26326
577
15248
6254
11541
26523
15524
9727
28894
28947
25597
21530
6164
8403
2753
28788
6747
14441
19931
12051
29095
693
21459
15328
4064
30757
8855
11769
13977
1431
14702
14721
28543
14016
9509
188
12263
13595
13274
16724
1103
12148
27863
2900
27969
1661
12554
8986
24147
30647
12482
21713
240
17161
5481
28086
6376
4126
1323
3683
21784
31006
5659
26107
23373
12311
27726
24223
16923
27163
27993
11393
11621
30253
3341
24676
4248
20800
18074
20357
8284
9144
3680
814
28575
17648
11062
2864
13597
15955
19640
28581
12367
16135
7802
16954
15635
2459
29995
1732
10670
19502
30350
6772
18708
4267
15883
25258
17357
25666
20261
13740
14299
3118
28905
29773
16497
1161
30833
23550
877
24010
5657
5205
9792
15573
6999
26136
3105
1682
8276
28540
28027
22414
16916
23830
25198
26004
28287
5784
18917
30592
28869
16278
30939
7886
15894
7654
1540
6176
13852
7048
6300
21394
27164
15779
17654
10818
3590
10955
12820
21927
26512
26017
20045
29427
17024
20343
30243
20425
11709
13762
29203
6372
24097
333
3213
29698
12371
28736
29285
14021
7075
137
20034
19751
16482
15773
22045
14318
12518
21696
26492
12179
30971
246
11506
3859
26462
1291
8852
27469
20295
18668
25358
20609
9311
15087
8949
11985
20451
23052
18824
11801
1691
6489
27202
23579
2962
10622
1888
25598
4886
23892
27571
21014
9501
28454
2720
14169
21698
12979
15772
2763
29693
6722
23386
9259
8071
11511
30208
19045
27251
9205
21691
22713
23314
12365
15769
20721
25798
17678
3910
3688
12167
13467
11885
9951
19459
12832
18796
11770
21295
26313
25584
9278
9712
12309
11328
18837
15252
18829
23501
5794
21047
24669
3586
22281
20158
30104
15917
23647
24433
25399
11248
11121
5070
25286
3219
9634
14507
24347
12980
2554
17446
30806
6726
6862
14763
29455
354
7964
12766
4250
30485
8875
8001
21224
6940
2947
12896
8685
1399
21684
15099
13571
22564
14879
6614
22143
8229
27022
6353
28280
4212
19175
5399
10257
307
12006
15713
5120
1883
17795
31103
30652
25150
30340
30013
21772
29069
24614
29924
1640
13906
13721
8706
10080
17814
2357
12234
3157
9883
1008
29149
23924
4160
31367
11221
20616
15549
4904
24192
478
21345
5492
25738
8441
27797
20854
13484
21605
3583
10487
28222
12436
25507
517
20226
15003
3046
1155
9283
1918
19694
15105
26349
1343
12291
6183
29870
12520
27343
30209
7966
6253
28566
9937
25962
26862
30288
13915
5095
13291
6038
21317
27355
21216
15196
21586
17200
4997
31500
5063
9547
26258
2916
27210
4697
17974
27322
8222
16713
28634
8414
22629
9074
8270
20700
31432
3055
19277
4586
10078
11461
4765
29430
4785
7816
7761
1344
29142
18977
25639
1831
29739
16534
18392
18683
21569
11653
16054
29180
11147
20068
25790
10908
10168
5626
15614
28216
19983
23559
16697
10312
513
10319
19954
18755
23038
22998
18997
787
1046
24644
6301
11696
8439
18311
6823
3134
11966
290
29411
25716
28136
25950
6277
5264
29720
18385
26526
10612
13481
8551
2500
7402
15418
3282
24884
16329
15101
22336
21481
16686
15070
15573
6884
31453
27485
6758
29212
7739
6956
15102
13256
21826
28892
19450
3078
18711
13167
14505
375
29780
12354
1196
21202
29287
12687
18323
18254
15966
10948
25931
10417
29868
18987
8519
19925
23455
8333
10388
29740
34
21351
25543
8822
1130
15213
8737
14560
6028
8768
29190
22777
27548
15982
21223
27324
11906
11370
11566
5626
2387
3796
11875
9182
19038
19118
882
16483
8082
17358
16290
24353
22457
3550
28561
17336
22720
25999
5364
20555
10949
26707
25456
3034
6699
9004
1630
21538
12508
11181
18498
29767
27752
831
20015
9773
30552
3007
26468
9323
5486
23566
11815
22559
24802
8017
3156
10755
6704
20828
4880
16
30277
19109
14191
5766
2965
14207
10797
18791
13562
13872
902
10871
27703
7170
7493
3842
27446
3773
29203
22183
15880
10110
23171
14925
28924
11764
13244
7709
30742
2965
12846
22692
19522
31213
125
625
4166
30856
10795
27671
29501
8867
1583
31346
6997
19351
17887
27730
19984
24441
20621
12977
22063
9141
9876
27452
29700
30897
22834
25101
8696
9229
9727
24957
16973
18234
11608
21177
14161
607
7163
24652
21915
867
195
24079
29738
7818
22986
19209
25588
8207
21698
9747
9650
23500
5177
30346
23490
699
15020
26578
22341
22391
4442
6260
20562
23400
15272
17993
4685
3000
27675
28130
31874
5545
20082
9986
24783
29857
20053
18507
15016
5165
20319
27548
14341
17401
15058
18090
20174
22856
7358
6016
19856
10159
25034
11708
23687
13208
10484
3670
30326
11315
20271
2234
14900
7671
24426
11529
4091
10200
30679
28382
18133
25087
22005
21261
15238
20541
31434
1784
12493
22811
24704
4836
12767
10267
17119
1490
4800
19590
17293
18938
9351
12554
22309
3479
4233
17525
3365
27654
16717
20200
8919
4801
12280
9617
12538
23320
22356
22867
12657
10740
15378
23933
17052
384
14269
25446
31185
10154
18734
21748
9263
26237
11657
4041
8096
1804
10296
21794
15332
7641
9406
24894
30061
1337
21234
20801
1113
16849
9573
14903
6399
11757
25869
31757
26323
5649
30951
20720
22887
25785
6712
15004
499
6250
27066
1650
6269
30166
295
17354
24449
30906
18828
12387
14486
941
19936
6794
24271
18526
8322
11038
20733
18310
5135
17261
994
21349
31461
25086
21919
23664
18333
25594
12340
19965
30777
22431
15815
15759
21914
22352
6183
12369
209
220
31519
14527
7430
11682
3085
25103
10605
1556
16567
27431
3721
29149
19906
24997
11165
16332
9502
16799
6273
2204
19648
10891
23634
3742
30103
4919
6366
27908
11808
27746
14287
10782
29220
22445
15504
26906
2338
22873
16513
14845
3418
16231
14861
21316
16958
12365
28436
26822
27935
8628
8570
17683
22795
20002
31366
21040
14786
20240
14473
12670
11046
1767
17040
804
21791
11328
12976
26593
21836
10550
65
28310
3659
5637
9862
5625
23730
21970
25159
4922
1722
809
1327
28346
1679
20553
1178
7701
17592
10259
18207
24424
27437
27828
27321
1026
22810
26128
786
23568
3396
12255
2157
25112
27929
7699
743
13730
15964
18213
11728
4208
11639
136
4601
633
7155
12468
10769
6401
2077
14945
7054
31324
7546
28264
22599
8233
14718
13733
1671
29590
898
3591
22207
28549
29857
27259
13081
30906
6826
18375
22436
23534
6778
30402
24191
19484
28008
1704
20466
29406
26352
21337
26244
1765
29157
25866
26501
31596
17483
17249
1528
20303
18073
20105
292
29656
25309
24896
1143
15641
7188
22041
8905
21720
144
5425
23821
28177
10553
17572
11514
19391
17425
7730
10713
28959
25345
23801
11735
1957
19244
3135
18196
26992
13593
19382
686
6051
27153
14861
16811
20501
18528
23512
32060
5739
30084
5425
8540
19266
3266
21513
17621
20232
16073
24246
22936
21350
7766
30961
8114
18814
24045
2256
21599
14641
2143
10623
7102
10470
3304
23102
29734
4959
24646
28404
2342
1359
28860
12131
27937
5330
17752
24360
13914
15129
32005
6589
5981
26242
2481
4854
27885
28127
24129
10670
27419
22935
13261
18748
7853
15179
22705
11231
6948
31046
27831
23997
22629
24489
24118
9689
26718
15576
15867
2971
31604
28443
7205
13718
22591
2600
6736
16321
11878
18032
1020
15883
5947
28495
26697
9690
2781
7087
32098
18053
15176
19407
11398
31257
7845
6737
15433
23066
7406
4443
1548
12591
24623
5398
1366
4944
17696
13655
22668
18584
6763
7865
26097
2891
1214
1641
23359
10618
1542
3412
3918
13680
28751
28111
8818
28584
21970
11787
25399
29320
8810
14310
9739
20470
22458
1518
29922
10750
9861
2410
17091
3708
31590
15132
28105
21825
2017
15770
25310
32218
5766
13011
5472
1435
27084
7377
21412
28105
1733
3565
19052
12103
26858
19008
28294
12833
7555
20320
26950
4811
16613
5378
28899
28022
14895
13322
29303
8611
11366
10220
1729
27940
602
1296
14947
441
23707
16715
12592
20501
12380
23424
940
24358
21989
20589
13117
6992
10521
11356
29124
28782
26381
7902
9
16323
32192
25244
27496
1142
453
3648
1472
26478
23696
1744
7080
24325
13172
28260
26085
21528
18159
14319
28450
29247
487
26540
28988
10585
27619
21425
18881
9896
9795
28744
23201
5563
26657
2500
10966
13440
15095
13556
27173
50
2801
20467
24860
18017
27828
6606
6137
27004
27303
4931
10042
9205
21480
8763
27834
15331
3748
28881
22688
15782
31933
15795
2739
24940
2479
15412
27110
21904
29329
23061
17050
22458
27645
19202
3559
30550
18776
11164
28123
20650
18755
6618
16487
14588
29358
5006
3177
3857
21324
24858
31257
2488
8970
18263
30423
18006
23103
1070
15440
6636
555
15998
10843
5073
30448
19612
6919
21876
65
9477
21823
26162
722
21316
2802
16794
21554
12654
15313
29769
1760
9017
2485
11618
3605
11262
6965
7258
24734
20531
14085
5089
5346
22988
6040
20465
6428
18211
17583
7848
21921
10264
28670
13941
25980
1103
3994
4634
24178
31271
17391
19486
10630
11577
4717
25183
264
22993
29846
20658
20314
24254
27885
14064
26664
30594
1549
11157
21120
307
21166
25470
13410
20281
18799
19844
20742
26613
20106
4029
18927
4182
13541
7036
27992
12182
22029
545
11996
22092
26285
32634
6525
17953
21624
10466
24471
22552
1278
19446
5205
13150
22986
30231
7540
22124
3526
17294
26564
9534
25823
19624
21316
4242
16716
5255
9725
7515
17657
1019
20951
3924
22275
30694
1593
11069
12423
3824
6517
5908
12751
23236
5184
19198
28609
10335
24892
159
15004
26219
11894
10575
20523
31003
18494
18142
21156
30614
5693
6778
12099
379
1127
14679
26562
24700
27058
27558
15255
28422
13803
7560
12974
10846
9077
31373
20403
14101
7175
19488
32433
31952
1942
25062
21409
12041
4629
19897
8612
19873
7671
6497
9953
19764
4982
13013
16017
3857
10022
10583
31453
12184
17582
30139
2039
1960
23182
5431
30738
9701
14240
14153
24409
5433
17347
27133
15483
6590
23127
5448
6859
22746
5627
292
1364
13993
10816
291
2506
21146
12957
8540
15913
24757
12095
26755
20508
233
15855
21448
9890
129
20172
31147
2541
28620
25586
29203
20226
134
939
32428
29410
25113
20634
2285
12303
9888
1330
18651
6213
32235
11136
9238
26397
17484
9511
1331
4442
11048
32036
28230
8624
21889
18527
19043
20879
17663
11286
31831
21942
27088
16025
30118
11569
27677
28943
14872
26644
504
5116
9136
29359
19389
5369
29262
20084
6582
31528
28443
6931
15357
8306
4447
23114
6415
15259
32074
17661
32823
22597
7524
25150
21205
20588
13586
22154
25828
14042
22400
356
27850
10608
17813
17043
21187
13095
22720
7769
2069
31955
21898
28658
32201
27558
30820
10650
26615
3880
14737
3773
170
13362
14763
26857
5091
6686
331
24491
8324
6119
744
17434
14088
22619
20824
26138
22459
12764
2888
17479
21410
21094
31532
1470
13355
23200
18890
22280
15968
30726
32444
25437
15312
25924
28672
34
10416
21965
17215
13198
10247
6318
19057
32931
20793
4353
22833
27088
13742
4083
31770
20154
28972
17777
9024
15446
697
22022
12271
29223
3346
28013
19623
24574
18696
9917
12201
3092
12157
30674
29272
24918
1995
5909
25655
30650
14618
27248
32289
27501
22575
19274
717
25579
25359
6793
2385
17625
28175
7014
20202
11442
16048
26870
7724
29128
27086
30086
457
21514
29406
27954
25592
17486
12690
28495
13414
19876
7891
23487
13984
18869
19561
9560
412
4593
18649
27285
26568
1094
13204
1461
24763
12928
4052
8946
29430
15740
2450
15868
18419
2623
3071
8175
12144
8286
18841
30642
21852
12916
13102
3179
14005
30993
19494
10269
2766
2486
22270
30629
6966
18772
23632
29774
16834
25361
18911
7372
24893
27043
32881
24392
3663
25344
31873
14239
32441
5886
26535
15609
30697
11320
12160
2709
2585
25602
21814
8061
8723
6316
11375
3140
31062
27996
20358
2490
26462
9563
30878
14332
17451
14824
21104
21192
32860
6384
3838
727
19923
26705
11378
22159
17238
32433
30540
2581
6399
28534
1818
10313
28410
1609
29397
10923
8176
26834
7100
27823
12901
1013
16932
17440
27534
22707
24630
18488
7409
14247
7537
605
29733
18330
11900
18797
19217
3157
18654
11375
17425
8565
5068
30485
9653
24718
8974
19739
14199
4069
12558
9013
30235
1572
10206
25328
32388
15246
386
28703
922
4662
29192
29930
1783
12855
14331
15748
29346
21979
2085
12824
31344
29505
28677
15876
29089
32748
18793
32103
11046
15269
17986
10314
3781
9990
22145
4876
11072
14408
20120
10314
7662
22015
18499
12116
24021
19565
13177
12090
9759
32329
4230
9280
25387
25497
14942
80
5853
32835
869
21555
27385
6217
29011
19492
9698
26891
26222
4299
6616
26878
14867
14065
20328
7864
30922
12172
2365
8522
29937
10234
14498
2988
14169
15617
20703
9464
14980
2456
5068
22495
5807
16445
8685
24362
33210
13064
16107
13105
11203
15495
11532
23738
13263
25934
8603
424
27558
5395
27531
13872
13552
25097
21463
18018
7945
26861
14134
23405
31355
24270
19268
3382
33056
2174
29721
2
21490
22736
16339
6763
30700
19472
23928
2165
12258
30578
7552
6926
12583
22975
5222
24226
13666
1120
2349
10887
3796
219
7570
16109
21547
13712
33211
1575
3995
13295
16845
10140
29910
29185
8298
15440
15582
28882
30317
15512
4054
27904
17850
26872
28294
12581
29463
7473
12516
8631
8367
7650
28036
3419
15433
1353
21481
3156
15689
331
19468
13200
8120
11903
15845
334
11231
13858
17246
15143
17520
15806
29414
30503
15430
25781
22298
1174
8926
5652
10114
3430
10873
5904
24125
27843
27125
32624
8617
4026
12391
3931
30478
29771
12916
5478
8846
25715
31356
13812
14678
10781
5687
12343
22384
24972
32018
31804
17673
31455
13139
31008
22435
29320
28350
33057
30598
10964
8129
21692
13475
23964
30408
27255
16902
9123
21990
27718
2398
27357
10807
24782
6119
27559
1851
9067
30628
853
30241
7319
19860
20525
27015
11387
6500
22651
31753
10360
8275
9430
3926
20094
588
2256
3004
6533
15399
17022
21999
30489
10482
9847
1328
28245
14050
1049
4972
21105
18307
32482
32573
14264
27906
9238
27143
7292
18402
15319
29724
32990
29380
18063
24832
20340
23421
3257
20996
21332
14730
2295
17222
27351
9362
1097
29578
6425
23685
19717
32564
32874
21845
26004
30055
12627
19452
25895
3092
18986
2742
28750
23521
19981
2135
25978
14344
20788
7059
11406
8489
21640
5362
17884
9168
25113
12172
22233
14992
10226
5178
160
19059
33370
27028
28264
26280
22740
22739
32792
9545
23039
24086
25797
23565
14631
28906
23495
4068
19559
9045
16374
11032
12380
3755
7163
10387
4185
22520
17717
32119
17738
6326
5288
32602
23357
7865
3757
25782
16352
22357
24484
31734
15969
16845
1602
20359
28754
25693
2759
16315
22617
1305
22790
8341
29867
22938
31265
6134
16371
10392
8172
16749
20636
5381
25778
12584
21173
26679
32532
31312
17738
9368
23497
10452
1576
7584
29333
7784
24650
19166
462
21766
24456
26422
16733
831
18421
14989
29145
30826
8393
6090
22578
1367
33077
32416
18895
33229
13245
16012
13267
26004
9754
6497
3636
3737
8014
13737
33499
11678
21508
15545
18369
14904
18716
23128
15209
17205
30945
32075
31073
13112
3576
1137
11131
29871
17729
21937
10183
17247
32299
32654
25186
131
12270
31301
3358
23531
6039
2329
19373
20168
24846
5605
33355
22351
33060
26259
32926
25611
3083
1038
8624
11320
30862
132
23543
3540
29689
21785
30816
2850
19873
28109
14428
12443
1409
9850
862
8460
20958
22213
24932
30896
30135
13659
24203
698
30202
12584
14273
28687
2579
12553
8466
27188
23212
16538
14572
24219
27521
6070
29975
30640
29262
8772
15751
24858
19027
2333
28143
2746
8404
14334
3488
4394
29156
16112
30776
15345
13281
5037
15587
10830
25217
10697
21026
13276
32120
11754
5073
30325
29141
13894
27093
27319
9917
2390
12800
8243
17974
11416
3167
4740
31377
5419
1863
6089
4206
28695
17668
13554
1437
3345
25215
30415
25903
5172
10504
31337
21333
5669
6994
8084
30420
4772
19980
17759
7035
28508
18447
19420
19501
24796
21752
31242
267
3893
10016
31365
29010
15
26763
27853
24968
33126
29432
6474
17502
10395
15190
29085
974
13565
1112
5650
33011
25829
32603
8546
11399
28371
6338
14055
28545
25985
14900
13727
11117
8336
21642
9157
5042
15280
18202
31319
12600
1839
14706
1924
31692
4957
16370
6525
15472
16973
28742
33626
6921
13415
8612
31928
6659
4276
29188
7044
8625
11880
1738
33765
9709
465
3303
3117
27784
28127
19661
24754
24218
24909
2111
14251
21149
18023
22376
31258
6398
18698
7903
2822
17332
787
19197
32427
33227
26160
24551
31349
3093
3626
6103
8548
29541
11067
18255
2217
6895
2469
17282
20595
3235
7427
21898
18795
3341
5836
6434
26138
31317
9781
22967
3626
19494
25626
1645
12629
21217
32996
17761
19368
22022
30647
31835
3046
18072
7873
29037
1582
18844
23402
7678
32565
11187
32787
626
33798
10003
112
19177
21779
5156
4441
14981
1824
26701
18
6284
14445
2891
25318
8622
25653
10255
1936
31820
6867
4061
7276
5452
27401
11185
5292
32111
30854
8648
13298
1526
8009
11697
33761
10831
26435
1968
27810
5634
3757
27261
7175
24263
26434
23134
5900
7088
19
26797
21440
26540
14255
10566
16446
9477
12286
26663
8904
9029
12337
5961
19241
2993
17397
33681
23150
8615
14506
10049
17460
18657
14874
18797
17518
20947
8005
8785
25040
24019
14509
15810
10243
4588
11711
9228
16130
25195
14433
9809
3940
23058
17705
33571
5055
33396
12937
26445
25738
22752
32878
15112
31805
7413
16726
8505
12840
25643
15257
25497
11246
32666
23637
25461
16859
14678
15804
26594
28067
32006
4031
24919
27018
28137
4281
1042
5019
18041
10563
26555
11861
26090
22083
23075
6238
23776
14003
23118
32664
31300
9000
4958
15844
19502
8628
8005
23925
1987
23287
22586
25999
20605
2717
1600
27838
22173
24493
14420
24902
14170
9045
9597
21871
10355
9338
27766
11124
3742
23994
7442
1923
29290
32436
21403
3581
14933
26462
6442
29968
7271
14140
28132
20929
19806
28412
3707
9182
13636
12526
31655
10047
14643
20146
6911
19297
28312
22227
25856
12649
272
26826
21306
28640
11567
12766
9700
23221
10778
18242
19961
79
24588
28397
14374
27039
15850
33642
21097
12484
11888
22295
14853
13199
10061
16408
3984
656
3992
31332
12000
7242
9195
31222
2711
16347
32259
9098
14124
10568
3448
14629
24975
8763
901
8320
2995
10101
2360
10173
32149
15717
13832
32805
1652
31763
4472
30343
11861
6306
3704
21332
10623
24423
1401
15505
28466
32549
3542
27388
23534
32212
20418
5672
4293
14687
10466
28840
20905
22382
28561
2146
13150
13514
11563
20968
8330
25231
19013
28387
19590
14801
26952
13783
18787
33739
32351
6640
29240
10871
2254
21478
28537
11570
525
6422
26087
27435
1438
17117
22954
25630
6110
2359
25877
17662
21982
10565
33456
30504
6640
26001
17976
23787
10481
4990
6116
29105
27302
15405
24218
27598
4841
1592
14705
30486
14175
8181
3030
28728
17138
9131
19745
21269
17301
26453
12306
9232
8229
12795
15284
6661
1224
23581
23067
31445
6101
17256
9726
28730
6898
10636
24450
18192
16693
32111
24258
30814
6653
33342
18015
24923
32754
2315
25823
8879
22365
5268
20330
14338
28702
2974
2590
28989
452
17446
32202
14502
17308
2514
31025
21421
17137
24212
33265
9827
19306
18106
19947
30414
18257
9382
20231
5132
18973
9098
27525
25677
32482
2177
29314
33394
6482
31982
30667
21655
28305
26723
16449
15219
5406
4744
32426
9219
12548
20872
22119
21826
12078
21206
21715
1523
31790
21218
12032
29512
13651
27269
15836
32440
27748
25929
314
1503
15946
32664
6175
33516
12013
17363
15321
16534
20647
19057
31003
7522
7104
33808
7135
3853
5998
2704
6816
31832
15790
2682
4813
15512
18343
1925
17688
16628
32125
18738
32726
26331
7779
22879
20862
24060
2222
7869
26881
19759
8041
24511
17186
21933
11521
16822
7207
31155
29459
17599
2934
16731
983
28340
14710
34333
17798
31391
10610
1860
10088
28209
24797
31230
25154
15239
4995
15525
3377
33775
22663
6235
24537
30172
55
1550
22570
12476
25603
28071
22756
13046
28099
18266
27082
2958
2174
10099
14134
983
33060
8596
11773
2076
422
33565
15495
24378
19014
29760
9850
19628
13628
29316
30628
5628
33861
31195
34168
21157
19774
23712
30406
24825
15368
29128
23203
24521
15070
5021
23144
24646
6643
20942
24697
25307
7764
26952
14361
818
7238
6829
32187
26575
23341
27716
21718
2629
28478
30511
32564
15305
29662
25798
22006
23503
14685
6173
539
925
1364
2544
24659
22766
29449
11630
32323
2023
30557
17531
20967
3845
6540
5462
12453
33649
32158
18661
1322
2227
19025
27217
2604
6089
33595
31945
14100
2458
3975
22742
27186
26850
13312
20910
32880
26803
23013
8702
27791
19637
21328
32704
1011
20261
24962
8226
27592
4254
28497
12617
29861
22998
23830
23087
28752
33446
25321
15073
16584
25869
17280
3099
32652
29918
5508
1105
9325
4387
15385
32973
15455
33288
23951
11253
9403
16192
3516
12040
29068
15477
34237
24394
19836
31825
27545
25815
7687
21237
4149
22072
28203
34357
33788
31477
13101
23680
1149
19935
13347
29403
32254
6620
33016
7852
20094
33120
2428
1601
1559
7662
5391
1545
26599
19681
13997
2088
5355
9309
27304
19163
14741
28571
2981
23607
23140
20232
24487
18107
33042
15618
9933
1250
13659
33687
30268
25025
24792
16475
8326
16609
30533
4958
5326
2939
8431
10008
17229
4155
22976
31102
742
7004
23058
16710
2092
22373
23133
4093
25416
23410
17048
1258
23639
7713
31259
26211
34375
22448
9230
16214
6000
8651
11660
33690
1578
28822
21390
11824
30221
25997
2874
5246
16930
25444
2182
13712
3262
13235
26555
18837
26259
9084
11494
23819
3316
7857
14641
20849
32937
18107
32738
25786
23098
3473
32644
30465
10309
14424
9411
22967
2087
22113
23166
29859
1596
6077
29559
29067
23712
3762
10705
5068
11950
4938
27016
21148
33429
27743
8201
34313
20846
32783
3220
8160
21582
10411
9095
18458
32900
1421
30814
31971
21052
23796
27524
16552
31387
27316
14531
27056
10396
7940
2525
7384
31907
32044
28606
30416
9351
32891
5472
8256
29419
5758
3515
34714
26862
11020
20004
7169
24962
1975
25955
18826
18298
23297
29493
7148
32682
254
9905
20129
21023
29410
27533
29604
27397
21853
23730
30477
32961
15491
7576
18306
28721
28786
27787
7486
16013
6014
29254
28173
9077
27816
6238
25432
5749
8385
14255
19137
33052
30354
26362
15908
27511
3932
34114
22297
31463
28401
20732
17272
24130
34680
24437
13989
9021
7670
980
11792
10543
23
1663
11859
21164
25354
15640
7193
11532
6747
30025
2899
28719
4169
31035
13657
15997
16989
16194
996
12325
31829
3533
9141
2313
12674
19537
30030
22003
14259
4555
28470
13493
25409
1341
8086
11495
16910
22248
27056
27005
27526
6689
21036
31650
8940
34256
17567
19417
3425
19
19098
15653
12906
17097
3348
9156
12351
11455
14247
27974
25035
1616
22328
19103
27252
11702
4394
32221
16673
9106
11447
5441
29745
4221
14359
3978
1305
11464
15850
27253
13521
3426
12718
7511
3065
28322
30052
31935
26965
17923
34836
12015
19679
18400
326
8314
14657
7608
29868
120
9708
20578
18135
24235
10118
21662
3077
9119
16258
3089
30745
14605
5305
14176
806
13041
10646
24475
315
2970
8884
29521
10465
31585
31704
19930
861
5921
3557
5396
22397
5832
17772
20456
12731
15129
2088
7004
7187
6710
18307
19597
33483
26628
15756
5034
25038
25592
4688
21326
26809
8489
3073
14990
704
15731
29615
15325
28170
6362
3701
4486
9446
32482
15437
16351
33341
6963
25655
26111
10489
24080
32283
23823
10043
34186
17174
16933
7845
11645
6460
33378
21741
11927
25453
26531
27289
16291
10083
7199
30036
241
7963
1466
12219
5110
23134
18568
12647
21017
34730
17630
22201
24960
1216
32273
32238
8950
24215
6947
21336
18552
11247
21459
22752
11245
11654
27838
1300
8913
12007
5520
9945
12139
13808
18730
24592
26913
11694
21599
33484
15270
7112
29073
10848
17780
20152
6897
34555
30002
18703
31256
7036
16889
4483
30027
32096
17696
19276
22474
14053
10065
1231
4243
5874
14547
10324
24891
31753
17294
14544
27826
7142
23033
4521
21011
26002
12609
31643
1918
11072
18919
4242
25628
15046
7324
18630
25474
34628
23798
8481
30276
7423
13499
33253
33761
24069
12916
30180
18634
3482
31950
26834
18959
7982
24981
8919
298
32502
33130
29695
32602
14978
21571
28989
10822
32799
29234
23000
25754
31014
12475
6633
1030
26669
1487
12610
21636
14756
4544
18990
6220
20941
2257
5021
29465
32146
21890
32669
34250
6839
1856
6614
86
11254
15035
20226
13681
14241
28459
31449
16726
27101
16574
13756
26145
4312
24802
547
6911
17651
34033
12853
14047
31794
19946
19868
12703
21623
9050
20792
17341
26515
9379
27278
22584
89
2387
21578
8325
25817
24189
20672
19263
15533
10693
22388
28627
10444
17320
9999
20527
26465
3013
24495
13358
25324
30461
4234
5753
1855
28540
13550
1692
6217
25984
27342
16713
34978
20234
24128
19365
9996
13836
23131
72
27459
11151
32955
13654
568
30831
7600
27993
32585
9887
28766
18913
17269
20059
7204
14975
35012
31371
8575
1446
32072
14847
23496
24666
12063
14997
12124
8165
34840
17704
25433
32426
27053
32775
16221
23906
12837
9016
5757
21616
25588
5226
1691
26979
13539
14920
25929
22009
2868
31845
21465
14742
33356
25115
2474
29266
28093
33858
32976
6663
34777
11092
8975
18832
28683
23909
12088
14007
34773
13663
6304
26682
33555
25354
519
23611
8983
34515
34625
26137
34186
29943
13354
28001
18136
30275
3900
8130
12827
5751
3234
25966
15917
19701
4974
7086
29274
16168
23543
5599
7190
14945
6058
10514
8381
31832
1607
20404
10398
20131
11161
16352
6109
23160
14389
30790
32391
32946
6675
30939
15490
34448
2576
3065
30522
6423
27677
5260
11039
8878
29184
29271
26480
12695
11186
4247
29861
34891
22053
8460
22002
24651
32089
14190
35115
4723
32671
30113
19130
23693
32644
1407
25556
12067
10863
6509
21850
22540
30555
32060
5448
33736
13323
20227
5246
4308
13355
11091
10752
1859
19810
9864
13443
18482
2464
24185
13147
135
30825
27386
23027
17097
12148
31337
8692
12787
17467
28345
8179
2277
12404
16162
11289
17434
31136
22207
19859
3509
31699
5886
8212
25080
27333
2876
15464
4015
19739
8509
33266
31737
4249
23156
18042
534
17044
26052
21825
31886
5666
29104
21034
19614
15321
12669
32392
17659
1963
11417
19123
35227
19105
27100
26448
2558
23383
26404
32445
26361
17720
28173
23636
27514
2829
4107
21138
3006
5085
28456
2029
18935
5276
31625
24833
6818
16766
33386
1034
21623
32994
22435
13993
26955
7727
22033
231
14794
25509
9818
20498
12313
12566
4931
22948
20496
34975
28607
34037
31993
32050
26942
25274
16037
32979
21690
30961
29219
25307
16712
33820
11663
34048
11148
21162
30423
22948
24857
14421
3584
26353
29565
30743
20969
20365
10318
4732
3375
23585
23221
19470
11996
19860
11603
34384
17424
14685
1106
17598
6565
1449
30127
11979
2938
30079
33301
15443
16552
11538
11408
5364
102
6720
29493
18469
12495
25919
10071
27430
20926
33329
13605
34769
22789
15111
17189
1007
8717
8298
25117
12003
33065
29268
18451
14412
32058
1547
16745
11928
9697
24942
29539
3979
25841
30623
15525
718
1832
16120
8398
20607
34531
17831
19539
2696
24087
18287
5109
15393
31934
6970
25340
16019
33375
9882
23948
5597
20260
14337
32143
33065
12030
16172
1664
25895
34551
23348
29326
23645
17223
25814
33487
23112
16425
17967
15482
26114
22284
26828
13344
25759
29710
34809
3976
12832
25370
24111
13538
5113
27724
12646
23308
33576
11921
16067
10784
11999
25799
16049
16044
18687
22706
3324
12930
25985
23358
18347
12878
17389
14462
10199
12450
23475
30136
17780
34909
4161
9237
15862
31610
12221
8517
22966
31236
15831
20301
33298
32415
12396
32293
13754
23182
25453
17360
19209
13291
14988
2431
1372
1609
29922
4757
16863
21669
32555
25822
1546
6354
22637
2091
702
3112
22494
27286
33057
12545
14759
6376
31334
9692
30730
28369
19173
25058
2340
24113
2668
33900
17812
25387
1347
14365
34011
32948
5230
5170
16317
26120
19294
30484
10550
13078
14299
27056
5997
15987
31124
14204
11527
8089
28695
3709
2456
35012
29747
24664
12514
20130
34719
2969
5900
6028
29052
21992
20273
17247
3032
32212
27190
22575
25829
19134
15855
15477
15908
3548
11625
20863
7825
32298
26405
28083
19953
17476
25611
33826
12698
5439
35043
22874
24586
21058
2902
23263
3321
25966
8005
850
23183
4328
24519
29613
31777
33191
31031
20348
2766
27787
21405
30018
24231
11394
31985
30737
9595
21483
35441
4889
15061
28500
20493
24904
7124
28516
34684
13575
5632
25737
8487
16436
17363
23780
16075
31638
18557
17467
18598
5755
16602
11329
7495
23259
17242
19811
25729
23190
2457
9516
14245
22623
22430
7516
19715
27877
23655
8495
21296
7718
14832
776
14259
24698
21863
29504
8466
22762
18735
35380
7087
517
4626
30582
11071
14804
16832
35187
33682
15949
2407
14958
15078
170
16
8431
30174
35444
35710
20565
2370
22657
559
9953
13345
5685
19757
20876
4409
33586
3155
10036
28524
23356
33831
24225
28470
16765
4634
28133
31869
9694
1179
19450
32766
32472
10306
19498
5616
31551
12930
22360
24970
17645
24020
11006
8656
21365
5125
5769
33978
1139
14475
25733
24231
4990
19635
16437
1384
1169
29582
13886
24796
19899
13065
11800
29922
82
20200
29840
6787
24567
11795
20270
23043
13970
3755
18767
8000
31112
33533
33052
34178
7114
34189
20478
410
1710
29352
13024
21449
25966
30803
24031
2803
31506
10627
21224
9651
1897
3504
17016
35437
29102
30738
12023
18797
14795
58
31470
34718
1518
14468
23023
22900
4847
20593
30778
7673
17954
25550
25681
14468
29066
23214
6841
13281
296
28133
33073
8770
20116
18351
6907
248
14772
24698
9181
28355
19673
21179
16087
11330
9783
19397
25553
10390
25761
4331
5839
21359
22791
25449
34155
23277
1352
10882
4727
24636
9897
19081
30258
8254
22734
16923
12125
6067
35217
6736
13323
651
7144
7529
11490
27998
20212
10746
34346
16901
444
15233
31774
32206
23002
7146
15349
34994
4040
27080
33134
2349
31485
9802
29715
30305
3027
7234
23423
1456
23946
2030
15516
6474
27539
14928
149
20900
26644
5
29758
34949
12789
3735
33484
6709
18596
7447
27857
9877
34256
28069
11646
16441
34025
28726
20711
32896
10287
4830
34574
23451
11157
7818
27850
19363
6499
13042
29091
5835
26586
30055
26746
1206
19846
7410
26264
13959
4291
33760
28784
13530
10868
11357
25809
29113
5481
21399
25037
2837
27435
890
8896
9407
10241
34573
21192
4469
12634
30095
26109
28274
30227
10842
28179
30055
17427
31766
35565
33182
10666
32811
22066
2844
31007
19210
12088
24822
17960
30312
4087
20255
31982
23292
24009
23218
412
2510
25173
32012
27483
25860
2284
3936
28858
11783
34215
32715
10085
4300
26324
1972
1880
6658
26924
24004
22343
27392
26757
29731
731
11018
22871
13883
13186
9796
16266
4157
34900
34152
5108
28716
30253
21135
625
9564
9574
23433
35060
21602
21656
18419
1850
10251
250
22179
27022
1407
26378
26070
24092
2369
8445
3886
3084
30527
5684
13139
1351
28567
1497
16021
10527
20408
3110
24710
25485
11980
25355
25934
18497
34057
14352
19007
6570
5486
24179
19204
25199
29211
18445
11736
12159
8409
14362
29799
24190
1916
18861
3103
18347
1124
33420
15357
33471
19818
10013
6685
21321
17331
15666
33377
7255
30120
9212
6944
20645
32342
10430
24750
6327
20758
9908
25353
20204
20502
7688
18911
12118
17743
13271
1432
17942
20657
4669
35892
9242
2500
14508
3798
12754
24894
16049
7745
15898
17851
5260
14796
15616
2522
21491
31768
35561
14154
21211
7299
11710
35602
3236
4368
16030
28221
25898
29667
28160
24832
15756
16256
1757
21483
18662
9871
5523
16620
8801
27543
30640
9606
3230
13370
23806
18861
30223
23269
23656
7142
18227
31995
5844
35990
26201
10810
3520
16526
19038
28511
2222
23551
11845
35472
6237
14184
5901
19074
15171
17127
3414
35741
3320
16401
2148
12240
21249
3558
11019
32182
26325
34455
15352
21665
28620
2930
35174
22918
17037
22548
19912
3446
10322
14969
23596
28910
34898
27007
6653
20286
16159
32482
32311
22194
1713
28628
14761
29381
19669
35457
5592
16053
17349
5289
33682
29431
2480
33373
21265
24804
24262
23748
19246
7046
25458
31948
29197
29491
33618
28908
34649
249
16194
33792
32596
32947
25238
9233
2904
15021
11214
17182
34570
1367
27829
34406
29384
108
30902
26667
17735
5410
35990
7341
10342
14096
8815
33196
17209
15770
18631
10879
34933
5035
10891
29100
22450
5086
20504
3488
26463
33615
31061
24004
8785
14490
13392
27287
23780
35153
11376
35671
13074
13358
31024
30497
3291
839
4409
11513
4957
27310
5286
32066
6874
26656
4770
29456
17485
21971
3472
1692
7011
15472
29634
31273
8877
7440
33552
31028
3062
31674
36351
29296
34667
30344
30933
12418
14356
1941
8999
14527
13685
23618
5444
24685
36402
6657
33039
27255
3118
33696
7254
1670
33915
17534
30319
23932
26651
15826
15082
28282
27985
16013
10178
9918
8326
5459
32418
32728
36367
817
12700
31474
16367
19604
33034
1738
19206
19384
34453
15982
2519
11054
35506
21638
29103
17105
10404
24981
24300
4771
7564
12099
6800
23314
21607
4513
2685
25715
28328
31706
30233
20157
10278
34923
35298
22420
26855
17600
9391
31094
34948
11877
32160
18512
6917
149
738
20049
32794
12069
4264
6737
8377
31920
36271
23555
17625
34303
33066
28041
31457
13066
31937
24924
4236
21649
29986
16962
2692
4997
19109
5489
24000
33271
8222
25372
14307
15211
28344
17347
8371
29994
2206
30412
28579
20200
11810
23292
34503
25493
724
14200
18370
12833
5775
28231
2687
18838
1312
27320
31892
36278
26454
20431
30767
8158
1116
24572
22288
9323
23004
3143
6442
21369
14353
2590
31450
2286
4353
10763
18926
29112
11408
11716
25024
12321
15427
2560
10651
19437
10016
27284
5462
6131
35387
28682
28605
24309
14296
4174
1729
7460
4471
3407
2859
30824
31302
34484
29996
27923
13282
11050
17731
7170
11060
20111
10418
5058
186
6195
36335
19307
29662
31266
7919
16938
36271
32484
22529
16320
22656
32225
26759
17357
18413
13928
322
2124
32084
35907
19718
6050
8047
6402
18861
7673
25548
17408
2642
23016
23848
34234
28165
3179
7846
26508
36471
5813
9668
31825
22095
5578
19372
10294
982
23229
13257
21461
26181
15445
11233
7487
30202
14418
21612
2015
27872
1872
4896
22706
3203
16488
3777
10981
22490
20175
34199
7402
34965
27263
16251
23609
7041
11556
24900
21127
21459
3025
28631
11404
7810
24484
30020
22137
20127
30637
10338
17300
33992
28784
7477
15469
28913
11068
8777
12998
19002
10727
6040
8945
25595
32029
2240
34527
33297
7546
4990
2237
7962
32898
1110
26116
11754
18193
4275
29845
3853
13564
9079
27855
5973
1297
31256
4924
26496
941
30085
8957
5690
34036
598
33214
19256
752
1319
15717
34947
22432
4077
13252
17153
4735
35324
33158
28585
6670
26300
24621
21196
34162
30679
10562
20734
19115
11874
27096
13279
22556
36143
9512
26650
22246
13863
4742
22793
4316
31496
29273
36603
4285
5499
8588
27034
5468
3251
1243
15361
3320
1263
23208
12788
10187
19926
18517
14443
28912
19276
1176
34053
22526
17992
19331
34273
33290
14581
32770
4275
19349
2631
21799
34529
33689
12187
32764
7481
14927
29733
15989
717
27754
31429
35104
33543
28900
5939
14980
9533
717
26964
14866
34474
26348
24186
30062
3494
31941
32428
9120
4527
36541
34535
21295
9144
15666
14702
10749
1948
34683
5045
29970
545
7959
19068
1397
9342
27782
15851
5477
25565
11683
16459
31976
29902
24855
25347
33935
2514
30391
3416
7876
34670
155
8611
30297
32711
1393
27153
24991
16311
20439
36452
34518
26008
8067
19283
8156
19555
28804
25569
11773
31107
2261
28692
1466
9946
26961
23477
22450
17612
34704
22174
1493
16766
18895
13371
25724
12053
4516
35188
26018
34767
18994
23665
21571
14491
9163
18761
19538
14889
17722
21615
1054
22507
16992
28580
15436
13611
10431
15843
5418
23941
5300
9643
32531
16996
172
14962
21696
877
14134
7146
12575
9378
3196
8299
12423
17587
35223
29985
29265
20237
17571
3301
23501
27490
188
31854
36173
17858
21381
34361
21353
28537
6055
6940
33780
23820
26729
29156
92
17000
2867
8072
13324
15554
36045
11468
6351
28250
3742
25101
26975
801
26970
26482
28704
27473
31953
32400
17661
22125
33237
2527
10731
30942
13309
5143
9352
16208
12462
719
28461
24282
969
20844
16446
10278
14920
36748
29006
19103
33005
1262
298
34580
31266
35964
35814
12330
17612
18517
9698
20042
20402
11357
15067
34127
31739
22144
7179
7630
7007
20526
35615
1527
10302
18930
6823
5926
14901
21416
4739
19995
9201
1839
17740
31168
11054
30494
35918
27328
7047
29806
8643
22786
1953
12950
9046
4509
28842
11119
24107
31735
36971
191
8583
19125
30325
6621
27343
5207
33850
24814
2359
26568
31764
19960
16949
25947
7746
31105
33846
25027
11545
19256
4614
11151
15240
22738
5586
30372
36940
17654
8417
14486
21420
23807
36322
17735
3723
12140
15643
12741
13910
17001
34427
5560
26586
19212
35913
12403
4636
25936
15004
22560
31733
28626
21826
31757
30114
19532
29858
13304
12222
15735
6178
14027
16452
31808
36178
7696
4998
578
36202
27652
32323
12529
3101
5233
5475
16355
11782
19256
28929
10331
1427
2423
25254
8004
4367
1379
8847
18029
32827
25610
27792
31913
9292
8131
14516
23808
21505
14410
20224
7145
36815
6045
17231
4757
25726
36234
1606
30900
574
24944
22441
32943
10496
22116
24551
32950
19760
25647
20436
32982
1893
25880
18150
30090
8419
32195
10529
14229
32513
5052
18537
2053
8489
17071
28588
13698
4634
25177
14244
8608
30943
28019
34776
1567
23579
11879
33169
17917
33933
7969
15930
20849
15380
19847
32933
2447
28426
29075
9221
24805
9051
21101
7565
36486
5798
4623
33311
31886
6676
15860
20796
28461
16615
17749
19847
31075
17125
11794
30075
33885
20531
18706
29844
36901
3663
11391
21808
24674
18548
27801
24981
3130
23440
9101
23626
23148
18311
27030
15925
20145
19830
33200
28662
15561
30587
11824
18349
3837
5727
14685
3634
6394
10308
5884
37096
6617
15772
25363
20717
18892
4227
6550
11805
21519
34982
33602
3023
5431
17144
36067
22166
34538
15595
31603
5919
17312
17449
2352
23117
3216
32724
5364
27687
25084
9518
20652
30358
21295
35025
35676
29403
3009
7815
32595
23011
17377
24791
3386
1564
22006
3085
17038
21993
23031
11368
22075
30540
35804
25993
28879
20283
21901
6297
31059
13826
15685
27145
7949
34304
20443
36187
4356
16073
5052
2656
32321
28258
19596
11628
456
16866
15513
17348
28641
21038
34867
9729
20470
8270
99
12780
624
28146
32371
7263
975
7890
34675
12389
19295
11453
9196
12268
31757
28827
29091
31046
31052
10910
34802
1428
7345
17717
28250
32310
16506
27539
21169
23625
33255
330
16145
10869
3565
28066
16036
32785
10364
32696
33896
16446
5812
15942
23302
8599
36587
27833
35627
20891
7191
23954
36086
15901
26755
34319
665
615
7993
27707
21728
35827
34822
6499
35404
15816
18421
37531
24679
2722
3288
24303
6727
7664
16052
12123
16055
6914
26927
6169
6797
19758
26113
31424
37035
19281
21114
30396
21330
22723
22498
10139
19891
676
14214
19902
6754
33622
11215
10594
29276
27573
17868
11921
24981
3988
32822
13562
9750
14623
36038
8997
3049
24784
29735
1406
19658
7327
28844
8429
26970
24140
33722
24936
797
17220
13179
4378
15910
20746
19224
35932
26765
25100
27038
12946
4622
12108
29562
14951
1549
31376
32989
27938
17146
29030
33330
3636
23159
37276
27612
21150
15528
4324
17787
33860
9820
15321
8305
32934
20699
7581
23310
32894
5965
9142
20055
17623
23542
16860
3720
23971
10037
8550
16038
2221
13704
8743
9446
36772
35422
37368
12188
11206
33726
18830
23437
35351
6405
26470
35386
27798
7697
36260
26731
17020
13637
31254
9216
31029
26916
12752
20283
20793
17748
23612
37174
31167
20558
22989
9945
14670
26921
17627
36558
28962
20646
36494
329
24275
22317
6628
31407
2470
35352
10540
34104
34514
1839
13079
16954
32388
24916
30561
20639
15968
37239
6749
12932
2351
17055
14354
11809
23499
32601
3473
4734
10327
26449
12530
4135
25261
9182
15585
7130
32834
37168
7044
36306
21343
7350
27131
32747
27676
35099
17409
13903
28676
24455
33145
5658
5716
35348
21120
2688
16760
18573
16551
5961
23231
25187
21626
23203
5013
17782
29861
15925
30616
17499
25997
16336
36669
24773
37264
7399
32499
10858
10099
19594
26735
36102
2152
26316
3313
29181
20990
9055
12831
23155
7067
17334
14862
3106
35288
22707
33635
12576
22762
31273
4638
36770
33033
717
26386
28376
30049
24202
26119
33790
26533
7017
12485
14849
11127
10845
26697
10493
18746
1938
8217
29209
2203
31846
9698
29260
5714
29185
1994
36544
35198
1539
25473
30316
33439
9107
19106
32073
26869
7952
7363
6021
37110
8749
20556
7903
16363
27897
15127
34304
19331
23266
3156
6969
13673
26603
9618
14266
37419
10436
4623
1292
31010
6981
26264
27265
3171
11440
28745
2121
28043
27069
25551
33430
9924
13479
31253
21110
14309
9609
29214
2694
14467
37569
5861
9718
19222
24102
18247
10883
18225
22658
26991
18127
5322
7397
3727
32474
19287
27744
32102
22382
17152
25537
13755
25695
30687
17001
35330
36001
22309
20824
15373
8523
22153
29006
7331
34692
14299
7311
18338
33915
23157
5370
5392
22667
29134
12945
30776
30814
23302
26086
19760
17321
7110
18950
31679
28719
25107
37200
35831
1665
19807
19434
26822
9415
32762
29091
22657
26046
23036
23639
12765
36787
9605
27843
9888
3174
8422
25424
35626
15166
24620
14424
3517
15035
4168
33718
31740
2693
18228
30335
12777
35710
30633
12054
11787
10569
5120
4794
37409
26828
36147
28359
11668
26060
3443
29293
10002
11378
31214
18375
22249
11964
7749
10047
21946
3167
70
30669
13558
19687
22816
18676
3813
4072
19647
37749
32607
18214
1771
28758
24726
35218
24068
20012
32080
3483
12169
17623
29317
2496
23831
8751
16398
17341
10385
21155
31952
2150
35703
11605
24728
26057
21702
26057
20827
10064
14632
20137
31413
20660
6053
29151
21209
29706
7194
17118
27890
8109
13555
30524
22829
14977
19899
12273
23069
23961
11108
19331
12895
37154
35779
3965
29171
5679
22105
24586
30014
9576
11497
14260
7621
28250
31249
9748
21607
10938
30177
32779
2081
12013
37597
11076
29025
31315
30081
31865
13155
4417
23318
28652
26498
36761
29267
25412
31687
25577
26145
23744
2768
9863
21205
36376
21576
28233
6421
17884
19419
5269
36538
30679
20508
14317
33924
35753
5461
25685
5921
21294
33668
36126
20566
19045
1158
11739
17891
657
14535
14822
30046
17877
35168
36340
14729
34790
5029
2374
33152
11012
28418
27552
1216
10137
15000
31934
6557
22185
3385
2874
15180
21052
19652
9956
29774
7470
15004
27332
13764
13931
34215
14038
2964
24580
15604
21128
36271
16356
16665
23518
11227
28128
3616
19010
14081
13038
8429
9182
27970
5542
5093
32899
37169
31886
26889
15496
6586
12127
3206
34953
25959
22394
26744
31843
24087
23918
23504
9716
6800
24741
6090
6169
33160
3465
4857
26661
32910
14159
37593
18740
6057
36119
24242
10011
2443
34452
20478
6538
21519
12641
5836
21586
15541
31355
11825
4999
34191
36324
7596
15026
30590
13895
14709
30114
7510
17275
32060
35357
23323
33462
15883
23438
15896
16563
15068
10941
18796
28411
1190
16929
16829
28046
34711
504
31728
32220
3207
15427
23219
33111
21637
4007
10820
36235
6140
20185
18724
3661
1445
23569
12747
25129
19378
14123
33268
16061
30484
35001
28326
31252
29912
33634
7029
24779
12728
20459
11617
28648
38150
726
10362
35959
4733
38189
33506
14719
37774
33421
35730
6990
12351
35994
28970
14999
22241
20209
8236
3463
20820
1059
14666
18630
15450
28005
35884
34082
15413
5574
31939
5443
2110
8004
13219
20448
25633
23399
31715
1752
18350
20640
24408
22404
28343
3616
17155
30723
9328
18237
27313
5976
15089
31021
23685
28355
16957
20999
28809
14229
36964
22259
3592
27513
14960
29395
30463
13211
15649
37120
34621
19918
1907
1494
338
28200
10705
15518
6347
3548
31508
37484
31709
8423
25458
31935
36561
28583
25222
23212
9211
7957
31750
2710
1975
22216
16609
24907
6639
25612
35384
34252
14402
23045
36601
12591
8739
16167
8854
7637
13475
30588
9008
28008
15065
22474
37175
11867
18176
18087
5912
6814
3554
22289
13054
7860
30726
25721
31290
33561
21159
27056
33052
5010
15206
24540
25961
5860
22992
6877
33865
3402
27490
25396
6351
2537
18161
1419
22861
6785
24718
24940
1957
20852
29953
3228
19563
8801
23340
36367
35773
22306
23259
5685
23046
16093
34461
22350
20713
23811
9189
34718
37485
7621
12757
16473
24323
33782
12850
5138
14792
12189
7864
12522
6033
2843
31623
12327
34426
3635
28593
5095
19281
23894
8478
35765
31146
36479
15498
29381
17597
5747
1307
4113
1952
4322
6497
5264
15868
15500
7426
13583
11445
6847
4187
32907
21876
29094
11749
1027
32063
667
2398
16858
1232
6110
26414
11011
16143
12429
5218
19799
32347
19315
17137
13475
35339
22980
23395
1392
17436
12614
34178
3837
28403
32439
24384
37792
6468
3173
11447
11935
20473
6293
4650
6104
9880
21133
19583
23189
14215
23565
23024
10008
11823
8897
305
17424
16986
14698
20841
30232
17639
21847
36849
14133
1596
31902
19416
16821
12943
1925
369
24651
8101
31753
31284
3934
29694
26240
4259
28867
3815
38435
17111
14992
15998
11073
19129
1083
34044
22785
18107
19881
25777
30943
27829
27614
18306
34064
29301
12202
20689
15244
7427
14272
20802
20942
30254
4463
30149
123
16522
35853
30291
9375
30239
34360
26887
8704
25214
9681
15899
15665
10240
22791
27206
23162
22571
4557
27443
26626
6140
13649
11283
25693
13316
18952
9949
26408
2492
25019
3868
36529
35498
25877
31299
17520
25456
19091
10752
22465
4638
28552
30160
2350
16640
21592
28614
30080
15534
20161
2752
27510
14052
25378
25911
30062
21826
32079
30960
36583
35126
4247
8776
18815
19986
33540
17842
35507
6142
29255
28275
33113
35665
34612
25621
8175
37998
15579
31732
19999
1784
22073
23223
31653
29955
37307
23986
22266
10916
14813
2503
29531
30118
9647
30049
31983
33568
29249
6057
32620
10316
5683
34418
38089
18206
30723
16318
16278
24339
22693
20493
34448
13213
12326
32755
29948
2582
11130
18124
21808
29850
33757
8049
5558
24732
6052
19910
19268
19333
7306
38344
14991
13635
22353
12994
996
4614
5791
33547
37086
7088
5748
32179
23551
14407
36741
930
16695
21639
3624
31992
31932
25387
23880
30291
20657
7718
27106
7775
11282
32195
1781
10075
25026
25586
9047
34160
22222
22773
22728
19102
25328
12521
32290
4134
24745
17857
14849
17518
38646
18222
12256
18910
20764
12211
27676
31732
1532
36407
16674
4915
26429
31144
12799
36242
14856
14776
20126
2450
33921
8904
33725
35773
4756
18934
18689
34232
25550
15181
16990
31073
26954
38328
22820
6587
14814
20430
30954
38159
5026
34806
31197
33346
36121
24286
28531
6390
35490
1808
12439
23940
33421
33735
11202
35484
2795
32618
24343
1182
989
17872
15871
22862
16028
13568
6745
1683
12682
14481
24588
32793
2791
11292
31151
26186
10467
7394
3218
33374
15554
8784
6587
18097
5055
2621
16847
36625
4668
38406
14063
21668
3769
21963
21568
24078
15990
10688
7510
26583
10348
19520
35141
35717
36173
16350
13571
29921
824
10845
23240
17465
15169
17275
6909
37207
7995
32326
27609
8584
11542
10532
38738
19657
12342
8724
35313
19852
3188
19588
5410
32070
29024
257
12051
32346
3719
9968
32721
32850
37534
21722
2000
34148
36118
14480
10209
16607
20074
28546
5027
204
19427
2188
31753
32609
26849
37834
8185
13487
19582
17988
30732
22396
14061
2492
31150
8831
31231
161
20183
5079
30128
4858
3061
29491
15228
27471
28387
21495
11393
27677
14265
38629
7873
14910
25859
31840
21603
23154
16585
28321
609
20897
37766
28917
29399
888
37481
31912
18575
18037
4668
20660
143
24300
34397
1673
17341
29438
38485
1015
28485
20367
32835
32591
38691
21655
2864
8064
28095
7394
16431
16732
17854
13920
11859
26111
6133
37147
19945
21478
10760
17654
34342
5397
27959
7735
26209
34780
32076
3665
21605
22226
6130
38834
16564
1695
30485
37201
25874
32770
1992
767
17314
38588
5312
21177
27403
36695
369
26093
33043
2900
25359
26836
6116
9905
14778
6482
35989
2301
14498
24299
16329
22275
38835
31078
2387
26137
8324
33007
15456
15349
20168
31546
16321
195
21458
9637
32471
5075
3412
25866
27604
12644
10058
6274
21056
31011
35163
15959
8324
3254
11910
24378
9121
19239
3747
13965
4746
2432
30392
30179
35987
5346
785
20539
32354
21781
33939
4674
23900
16945
25454
2192
32873
15419
14463
27333
6310
32528
27478
13372
33089
34657
10666
781
11756
5686
12029
9206
20905
36766
34461
3739
19388
5573
22753
1368
21695
33334
16351
19939
11294
7400
34711
24612
36564
17696
10035
32350
26788
38674
33695
24942
28841
21607
22037
2998
1923
4374
9411
30634
20415
31325
26677
863
1320
21824
20416
26374
34717
33342
1089
142
6420
22798
34852
35502
7562
14059
11119
33586
20303
6899
17974
34580
18928
22340
13388
26799
15084
34964
36468
2004
18256
21125
19109
3973
34452
6833
5008
1957
9723
4575
4768
23883
35612
12913
24738
33537
33222
10426
8127
25267
34226
15265
19926
12484
33392
22155
12042
14234
14877
10329
18310
17798
3631
29961
14644
22565
27947
23377
27779
38520
28783
13767
3318
3745
9154
26642
36786
19086
24977
12295
37192
29132
33814
30286
8758
19136
35396
38405
10742
28331
6954
11068
5606
37996
3981
21241
6379
11713
30365
19026
9240
11377
20678
16170
23223
21357
8764
20788
2203
24181
19598
22731
32333
16035
28897
20652
27516
12483
16226
20968
38232
21623
38987
31730
4286
19747
37125
22487
31996
34890
4015
23036
22933
5225
3721
22824
23628
11653
34117
31681
13939
6099
22618
25803
38322
27315
35164
8266
19849
15406
11206
37990
377
30707
340
27448
4368
18812
14724
37563
14072
30863
2860
22949
17710
26930
4094
24966
82
8232
31773
32274
28223
3494
12099
3559
37564
586
22954
32690
25217
37403
10813
7861
9428
9469
12271
28084
14877
31840
12910
10876
10687
31775
22966
13093
36217
4858
29033
36905
35493
34717
27215
32660
3980
2601
17890
12789
28958
15274
8462
6252
3358
10773
3999
3728
16210
38589
3401
16253
20767
7477
33731
2841
8286
4838
33104
29754
18108
33374
27142
13973
3616
7304
33988
4807
32816
34393
38406
1067
21182
26150
5716
33406
11628
15422
28671
34710
15820
35754
36535
29076
4077
2785
532
13875
21217
13272
9391
26802
11156
5675
32823
11329
36466
35110
6822
12183
26560
31829
548
24628
1737
1376
36468
35761
28356
21293
6487
38632
20017
8099
6849
7700
22755
27186
25968
20110
28631
14252
18649
34025
10443
33647
21577
38097
35875
18502
21557
1016
17892
21178
32411
1226
23544
7315
32373
8647
10198
24470
26946
12783
6552
38799
19204
21278
12510
7791
10356
38343
10258
652
4232
13161
37685
17235
21020
15816
20123
38429
30651
32402
17303
4004
28944
18181
37465
20132
1944
8911
8550
2991
13609
697
22619
10084
16191
30716
26488
2066
33315
13419
34659
27163
15621
5149
13856
25065
14869
37589
4784
1798
5855
288
22290
20730
3008
3110
20721
30736
39228
11147
9277
29562
10987
3988
36019
4704
29839
4756
24167
33490
27015
26313
19482
9353
20035
11277
30565
20954
19018
24523
23387
31921
20217
29061
3563
39331
23955
24891
21717
37282
39389
10362
37949
15002
21976
31952
17089
2719
4637
29169
7698
119
13815
30659
26219
2626
3713
9222
35310
6860
23033
3229
19304
2671
1627
8090
23252
12024
35156
33673
6368
26427
2355
2420
5611
9829
11144
13889
29491
4552
36231
36218
29713
24315
10228
31144
11372
21763
33804
37723
35708
27744
26064
21447
17992
19774
864
1831
33536
35270
29629
20065
16393
35367
23679
9200
33755
26642
20106
2396
4942
23204
18595
5800
16677
25469
19225
14597
35666
30341
20325
9432
21685
24467
38086
28961
26673
37769
24974
20883
28567
38238
38530
20090
12082
9232
14929
22701
10328
19536
5926
35826
28151
15062
7825
1034
25921
4228
27259
31710
36215
9373
15060
33351
20837
18289
22603
10055
38775
39252
8720
3522
532
10204
13370
6273
16279
2617
36877
868
32737
8894
10418
16255
26330
8177
21556
5782
34706
11696
14012
3517
34089
29042
27714
9004
14506
8955
20338
6231
12199
999
18416
6928
5276
30203
3393
33187
5629
424
26690
20402
2012
35104
18
32938
15629
12318
36940
5132
36103
482
25105
26714
23440
5485
13724
20439
20035
33160
35002
8061
8916
20551
5114
5676
6063
26437
29557
28240
28984
29938
14804
10291
4421
10546
5669
29286
12931
17166
37937
24786
12280
27451
1325
23576
3362
37962
13870
32381
6369
18785
22458
22270
4270
4098
27039
15285
6596
15416
5702
38451
7425
695
37353
7323
15909
10260
12670
5378
37129
9046
1442
2580
4268
16296
16732
21365
29862
1665
5695
34152
8184
10054
9561
27779
3924
10150
31069
429
15412
21818
37858
26100
28277
6764
36324
28372
22391
31392
5644
20446
34463
18347
28736
26485
12291
29345
36196
10992
37884
34414
39389
14795
19475
12766
30679
15682
30041
35965
30010
30715
32039
29963
1255
9144
33502
15741
25457
38542
11311
17009
21567
10982
15199
29624
32989
7420
26856
3104
5304
38632
14824
8627
36844
11533
17710
9440
27670
19165
29287
6830
39351
21729
21314
33488
26434
2357
15150
29920
13457
19673
35538
31329
26705
35205
29792
38166
21501
38379
9393
20723
402
37838
15691
4576
22952
7393
26174
11492
11634
6138
10269
22694
23305
16097
27560
25989
38732
23793
7352
3004
22496
6034
26266
32439
976
15013
3334
852
25781
8756
19858
26061
27951
13096
38363
30581
17288
37569
38756
25500
22730
5504
37558
15316
7255
39643
2212
31721
22761
18440
17412
24652
34088
2763
11979
33869
25792
16174
21054
1990
36872
24574
31463
16209
33775
13453
14083
39906
11131
9342
17949
37646
32064
14483
13044
23801
39084
7178
36108
9549
9083
24067
26504
21667
7128
3552
5805
35031
17073
39320
21173
8826
36319
1997
31442
405
39225
10459
13949
22039
32495
31425
37235
737
39383
39620
2502
27719
1137
7069
23599
108
28446
22674
18269
6090
14568
34410
18928
26510
37921
8281
36304
12477
33555
35153
13731
2755
32317
27861
34655
29182
19340
28297
30474
39968
12510
4726
34766
17085
27828
22877
23119
36131
29120
32233
16179
20124
6317
26384
7609
13662
38360
34989
36259
14472
8201
4951
16776
23787
17403
29199
36425
35089
39740
27330
2718
12669
27974
11760
26133
21944
23672
8459
22417
18915
9665
10848
29119
11327
25052
37998
6605
11954
410
39949
39437
31834
7477
24622
19437
6474
6215
1746
20361
33851
25777
22169
29319
11736
29307
9624
25668
7172
28173
25614
4393
23692
20394
23577
13797
38510
19376
30047
14967
28288
12510
36429
12323
25767
4431
17221
29637
26751
30034
25432
29161
22873
14231
29933
6855
39997
21890
18585
33993
35627
301
29484
39559
20113
14500
12726
30317
23780
5705
4264
15026
16433
9763
5165
16994
28105
36593
21049
29548
14152
32806
3773
14394
36063
27015
26022
12139
1280
22751
21203
6324
25052
15214
15120
26654
28570
26404
19447
17811
33607
3890
7386
25099
676
15768
5781
6665
34979
16116
3947
17303
1669
33458
27566
27922
35451
9118
17215
3291
19742
12305
2688
25091
24019
15828
37352
32866
36748
10841
18492
30750
23473
4379
7102
17082
2109
22254
451
36129
11168
5885
36351
16709
7858
25623
14344
19017
26506
36171
25707
31521
21682
37182
7528
11514
33270
14940
8887
31609
29214
30152
23377
7781
20575
4355
13313
24170
30739
38561
18755
15465
31064
21028
2491
183
34470
34393
18323
27932
35969
10219
6072
5214
9431
20029
30795
14816
9800
7796
19369
37023
26439
29922
21369
31370
14517
24206
40058
31609
38315
18712
31151
23671
28596
20746
546
7546
28614
1185
33220
28655
36891
3416
11261
23388
27568
8074
39678
33390
29323
7286
39655
8752
39346
23114
31058
28391
37376
38681
12576
3066
30792
9160
36852
20388
23444
5979
18963
20305
1613
15270
1562
25303
24936
10409
22380
38277
11467
6720
1217
16394
39894
22710
25248
28391
2745
22469
4994
17545
27193
33898
5669
21920
19461
19898
22775
12215
34883
24267
32992
17328
3322
21863
31455
18745
25086
35493
28073
28944
9378
20736
18507
19253
39979
28739
25658
14731
2909
11323
328
35484
5777
7512
2758
24265
2605
39810
17503
8205
24047
15623
14890
15622
18811
28425
22186
15375
26892
17582
6101
2039
14790
8302
22680
32283
7819
30095
26288
24455
25939
35431
35070
22843
24354
36922
27202
28936
33561
34491
9398
11873
11105
18727
3229
5104
25859
21057
40071
3911
26112
16669
12590
9491
273
18811
16123
19929
22073
2988
34792
9895
20721
23271
30098
38007
2940
28032
136
8386
7243
31192
2354
25999
15109
25218
27782
22970
33344
38611
10926
27087
22729
12468
27727
37157
9106
35551
28385
30827
34474
20074
6627
16548
29898
38767
17842
20313
31292
23438
7056
5692
22116
3559
27584
11534
4137
39159
20129
348
22279
21921
22513
38220
20811
1989
7583
39396
38965
10992
38303
12970
8555
14258
29849
7984
21878
13610
26256
5917
4033
9712
28032
20207
11817
16858
11009
33755
30262
18896
30015
18711
31283
34666
4135
37100
15090
18384
7224
25700
33764
35826
9916
15777
23236
24994
13680
3342
29586
21122
35934
39273
28760
27876
29435
36504
24700
25924
19296
22975
33806
12473
36801
15552
4327
30405
502
13549
27898
22089
13897
8581
13799
20900
11093
32185
15645
59
23718
30725
8213
10180
25672
3758
34947
21369
17116
32387
777
12423
30653
32451
3961
12139
15229
7564
37311
37838
20400
824
33024
12995
15917
39638
17487
35124
20271
29718
34093
30809
5648
27557
2965
27525
9756
15107
5370
34138
21974
21225
16646
34919
36398
6446
35461
29671
32527
24872
6883
8309
15937
37343
6219
10371
32670
3788
2692
7160
17464
12619
2083
17666
29732
20709
35854
15536
20539
37863
8109
31362
33519
27631
15014
34164
14138
12975
21712
17241
13494
3198
4530
39072
13572
36491
24503
17415
10564
27506
22919
31075
18671
20919
39346
36274
32112
13602
30153
17052
21817
14455
39949
28911
4419
23287
16802
966
38061
38623
29231
20031
33143
38289
14179
26467
18848
34246
28566
11787
30848
22053
39146
16055
6452
16725
16751
39901
30394
12102
40617
6918
7884
2769
22942
15954
19337
4
14891
21397
13144
5042
17219
34869
39869
31631
15686
32380
34270
30149
4979
17808
25647
221
19554
8138
242
16472
31967
30595
16757
36634
32236
18327
856
21805
9018
39575
8273
21149
6210
25700
34524
20375
35418
24631
17192
29115
35107
4908
10071
18337
37220
7079
13363
29623
23239
1466
29742
36502
9388
10413
33458
2606
31158
22804
32028
5261
9520
31124
16967
24659
9870
31689
23289
39579
18182
23716
3174
39234
31992
30693
16702
23813
12075
3819
15908
40025
20792
7211
8283
33914
21893
2713
6366
26642
5994
14128
33124
37181
37066
2699
16779
6067
6343
32271
4369
804
3086
21433
36983
37486
13540
34633
1462
32898
32107
17376
38621
33483
1585
20056
25024
23270
3236
27905
31580
38051
24117
8766
115
27569
34485
9612
30477
24075
26637
33421
38891
39521
10887
2589
30622
3017
31871
25301
16998
12646
29428
22152
23012
6792
14897
22768
30187
14033
23364
31060
229
24579
839
25269
32724
35800
24380
7256
39729
27455
14706
17981
36383
30003
28892
12657
6015
38708
3902
15206
4082
16866
2893
14234
5354
2109
30825
35408
4425
5029
6603
7264
40063
28942
38531
1484
7197
21104
9026
33228
12267
11908
22413
15353
28641
27924
2611
32926
23780
2807
16332
30087
35756
34838
29561
15169
22666
1113
1165
13270
26569
38473
37715
17094
17585
38035
30454
15859
3479
3267
24685
30887
4252
14245
39594
38261
84
27188
38879
5355
708
12774
1448
8048
16628
4665
3555
9696
14668
32342
23546
22040
8568
36430
11084
19170
17689
26098
17156
20511
36475
10404
17084
17920
16438
24654
17921
23663
7899
30769
11641
34893
5657
19271
20939
1560
6781
37364
5304
2645
32563
9226
20291
11732
28301
8828
16633
11260
34136
2848
26964
15217
33641
10496
6144
32031
30806
24382
10160
28989
17634
5740
36842
30778
4088
26411
18716
31934
26569
31743
3202
9287
34343
31435
29371
15836
38542
21191
37609
34472
25409
10941
17155
24521
10071
10296
3069
1868
21751
5063
29355
39662
15336
31196
13492
12600
22913
37427
20088
10011
33507
38419
20110
13144
10878
21276
21683
24928
35691
10088
4395
30103
32660
34355
28313
40264
35164
31022
37949
4987
25134
4692
35746
19998
19741
32862
30509
4764
17097
32267
2306
20327
37639
34067
27921
27296
24514
40776
6334
33607
18429
2871
4847
22492
24333
2971
11384
11010
35
19243
40997
16388
28957
26457
18827
34061
578
38806
37983
25349
7784
36302
37780
10412
29680
11569
16649
18392
37496
29958
32715
10499
29337
19697
21607
38595
34915
30385
11914
40635
25546
13440
17121
36894
34543
9546
12390
11872
321
13141
35083
396
17649
23472
6855
2596
29597
14572
445
19259
30215
2848
14039
36778
28605
29838
39312
9536
7404
28472
20896
25151
7320
3176
15994
19356
27320
3373
14913
28975
33113
22541
35708
25353
36466
10618
15862
28903
26120
551
39476
17074
39593
14121
39368
17050
2306
1498
6897
33747
33957
6074
20109
32529
31233
2055
12682
31140
20645
22502
6716
30294
30598
22212
4243
28350
12734
36224
30959
33843
8469
7558
7825
22623
30325
24988
24061
37813
31039
28134
1720
22934
28410
11566
14610
32382
32324
40534
8429
14272
12791
35749
3654
15636
14847
5546
36557
33433
36102
10879
7680
10859
38855
7552
5200
36301
10177
36599
33092
5742
27504
25439
17122
35997
27773
11623
20666
20646
19547
27542
15006
21491
37161
19539
40005
16669
22328
6649
20664
11404
19000
3788
1563
20271
10305
27849
7660
8061
9327
19890
10324
18658
34648
2395
22234
14563
19457
14965
9433
12902
20567
20385
9548
26976
40212
26232
38644
2126
37885
30270
27562
10123
25733
140
40783
22304
37832
8212
15835
25224
12025
38219
12034
13722
20173
23288
137
1604
21442
10436
68
34975
24703
38590
15870
7237
26552
36764
13611
7307
414
25519
28832
390
33193
5131
33126
40530
27459
11672
34504
4968
20551
36017
29390
40141
39676
24249
24560
36821
21755
15198
39179
34651
6695
538
16429
2179
1347
37424
17005
29584
38345
24313
10030
30044
25827
17170
30346
5123
27052
5188
37098
6529
39911
21205
1860
35208
11845
2926
35969
2060
31502
1375
18115
30389
10927
39009
5119
29877
14231
28187
29853
2403
17333
24373
37355
9647
35769
20063
6746
19902
31546
844
27249
23569
34818
38391
18153
34186
8684
39955
12690
35629
13306
28792
23943
22798
5890
9587
28857
35845
16679
3919
11052
32972
22507
17182
13902
22124
13465
27861
9084
27561
37615
34979
21165
9234
12445
38087
39697
28246
32878
29578
36635
36748
27798
18409
30653
41402
568
9013
28465
37457
41406
11486
18048
17891
33817
30956
35840
15537
33784
9149
17820
12331
4830
33169
33036
26980
33108
10350
33344
22962
17342
15725
17400
21972
41297
39836
37918
35593
6184
8897
38821
2989
36767
12528
38413
27903
1038
30440
21217
23041
8352
39556
21362
4642
39608
36004
38415
37764
1487
15771
8866
21793
34019
6985
21099
30286
7203
19663
6264
6004
13043
28213
1231
17791
38793
484
33252
18044
2588
10064
16475
35134
17659
20540
39031
4443
13811
30436
2856
39695
7292
23310
36559
8429
11246
37370
34337
8513
18200
37207
23124
13557
4003
29538
35413
9302
30587
24657
19626
17468
36742
28654
26094
37932
38717
13316
38377
38397
14588
21981
41260
33454
15971
9088
26450
17750
8980
28689
24147
12317
14197
7441
11496
38083
25732
37248
31688
3569
17311
14616
11874
15222
15058
22862
8897
14193
20342
2589
9768
2138
2642
35169
23517
2315
10673
21233
40458
17894
33528
39425
33066
40419
18349
14949
1845
25285
22037
4165
309
21346
40943
31181
29928
39782
105
20838
37021
9245
18804
39517
41534
5682
6605
12658
36061
2152
36826
13945
17150
19205
4406
38673
39359
14318
17544
10386
39029
1028
5833
14154
18801
19113
4718
14311
38654
3670
36914
9743
30198
2156
33676
39603
25455
13368
31170
21672
16503
37404
5018
6459
37425
27927
33277
23305
24266
27753
7032
39926
29667
38494
10702
10360
600
7872
36095
27584
20813
32227
24946
22343
4634
18421
32879
12628
25243
15743
29078
18861
13471
32166
1009
11452
2162
38580
6718
35692
29678
41579
13231
39339
23654
21420
18129
15699
13539
8136
40087
19151
25507
12645
28754
12844
2338
7599
32259
39308
15884
23257
33663
6913
35721
41545
4158
37552
8193
4434
516
6457
19919
25455
22149
22862
8627
27644
11865
19251
19936
25572
29712
3958
39003
24946
3602
5374
18773
12959
31781
25006
40274
36899
36030
38549
33658
40775
6489
5454
27586
14310
18963
7547
3044
8106
14976
16583
21115
35024
22730
33295
41556
39206
8091
12917
22149
32655
39295
33585
37041
33828
36206
18615
20863
3628
5615
41061
19378
19984
8093
11890
35884
3621
37054
15282
31037
40793
39392
14041
38652
37282
17754
15548
34387
38778
23153
34823
19008
4512
29074
25559
24702
28195
8965
12430
26780
27060
30479
34586
12656
24842
5875
16164
12931
16507
10909
113
37859
35714
26731
23711
22969
18375
27871
6277
6781
7233
14259
22925
34876
7979
777
13578
11844
14491
3885
13197
19411
35556
37852
38234
33238
20108
19145
13914
20008
8005
17417
21874
9770
18987
30328
13481
21780
40991
26205
30016
17489
20243
18777
34506
40656
7594
31891
22144
18335
22561
8027
2815
22678
17800
40387
20117
25971
26885
11380
3321
7235
28676
26850
5936
28515
24433
13323
41651
38760
2444
24760
24052
2683
30071
33322
21925
14684
17472
24986
25596
11300
41652
1742
3926
33263
26693
38231
29256
1881
15684
18217
3798
34893
28505
37333
40697
37071
6659
13076
761
10411
15725
37773
17132
24752
29367
4728
8520
25064
1116
1471
26164
24374
6683
13744
18606
38810
17932
33811
26453
30013
33957
1003
7814
9662
35073
4725
28510
35093
16888
5421
29259
40361
38151
34446
32362
12031
11711
30916
2510
14477
11660
36037
12993
28833
19434
15291
10904
34253
9234
13880
28665
19343
40726
5641
21209
36190
22389
21811
17879
13637
4697
37897
38653
340
13635
6575
9495
11803
27966
30090
29797
10774
20872
32755
34006
18210
18535
36727
8108
9507
36823
35237
39303
1988
1905
3492
27205
40944
31382
6754
32724
36755
13393
33483
3598
41015
24619
21749
2295
8556
29170
40214
4813
41664
9223
32610
437
18364
27724
28917
21824
16688
31639
6527
25744
7277
20827
22793
13370
16307
26812
2136
34525
22351
242
26860
21616
22763
24996
16419
6756
30148
3913
15835
39831
11868
1138
27681
30449
13552
21043
15123
39901
40124
32343
33344
11483
16052
24897
22397
40073
26772
26539
38053
33992
39242
29647
23585
94
489
6653
21910
33885
39413
14238
30011
35392
40867
8919
37820
24152
1321
11192
32892
37357
21820
22546
6280
19767
6886
41187
14160
7168
25010
38170
26732
34284
40820
33982
16269
7530
8494
17078
27442
12729
38892
17673
10380
41153
33695
3134
21248
41483
3158
6997
28398
29843
10048
39598
9791
3054
18978
32765
12985
34025
16220
26429
26702
12186
34455
5535
2395
24403
38409
6135
1108
29922
13300
19660
30863
40641
10439
27073
30144
33604
18173
1328
19486
31964
14073
1581
6175
23471
37615
15524
8484
35730
7870
24207
40227
22980
29180
4160
25168
29218
11846
20057
11433
15758
2911
10753
2190
5562
23210
1863
32319
3969
25331
2852
36922
27594
37710
36357
33786
32756
3976
16808
41900
40913
28290
1482
29821
29114
38870
27615
20739
6997
34337
28511
9715
7977
10245
30520
37267
19299
39252
7260
26598
39110
1489
5129
14690
911
5072
9675
40795
26388
1868
40319
39084
27852
7049
9512
15767
40845
40803
10416
18459
18445
28569
9768
19427
19730
5674
10545
11433
15012
25933
10416
15414
2436
14952
27769
8899
3644
38525
12562
33581
28462
8862
39510
21468
13039
15595
16732
39424
33060
21982
38664
6056
4862
30712
6092
31267
26365
40515
33257
13031
12426
31125
40616
3178
29763
27499
6143
39601
34051
35964
27085
17973
18506
40148
29270
3096
12396
10043
27934
39893
36912
27533
32097
4382
39836
7279
37998
35092
24775
27163
21840
7984
15203
26449
875
26657
34483
13828
19110
22636
5043
30682
11794
21422
26121
22857
42007
8319
35868
32660
2465
40953
23618
27598
42157
6967
13211
39411
32979
37103
24181
20630
35404
7022
24327
752
9495
8657
23817
12262
25473
37040
26545
37192
2789
1752
19379
40721
36493
1885
40592
23996
3973
21196
32418
13775
7217
32692
11703
18168
17343
35649
999
34749
8690
34142
38496
38638
36387
12951
41011
6048
24166
34166
13974
1970
41438
37231
33672
33217
2661
22841
31514
34195
26797
27828
22158
38087
40165
32639
3238
7556
33839
37540
4223
37719
28719
21073
7495
16185
34757
27295
19357
748
10249
15814
23397
169
29972
10960
35520
23744
8822
3376
30346
32890
26178
22843
7380
19499
20573
22314
19385
26711
34118
36143
4122
9687
11766
14438
28844
7466
41520
13597
14161
6103
3134
36184
6052
28311
32745
2671
14488
2722
26202
27021
33970
25251
28887
16426
6074
6834
11290
30074
39082
3818
15405
1114
35702
35598
4640
30521
29579
22611
36217
19737
20708
29205
11128
2436
39682
6428
27100
12000
33950
31394
12130
31541
10579
31706
9920
8872
7895
35025
21991
40966
8947
36962
37476
11687
22453
22233
37747
31873
33391
6131
20294
32036
31044
627
21069
37212
5451
15667
6139
4749
23563
18171
3955
41392
30680
22794
2919
14249
41243
18272
35133
11221
5145
26464
34285
1588
23784
9689
34405
42335
33494
38109
2280
24409
1312
4379
16239
2127
15872
7835
27809
37896
33343
10086
10121
28723
6751
20210
15520
5842
8388
1916
17661
20847
30472
35290
26209
32894
27755
36539
27540
4728
33323
10568
13094
36632
5733
24036
23447
16097
19901
10726
41000
2590
38736
8397
9000
15169
35501
22323
20461
27952
22947
20199
24645
7101
29081
20943
31953
34803
30264
26099
9156
31271
28482
9000
38382
19380
39499
13419
1681
14738
25383
25574
4690
35556
2425
2197
34928
23776
4165
1786
5077
20757
19975
26707
20217
36507
36272
29398
16544
30470
33935
10633
3493
7087
32916
25635
15750
14165
35442
14391
38317
24218
9309
20595
1856
30634
21069
11658
1203
22423
19440
21890
15761
34622
32753
2923
25339
24423
15450
38930
4766
35153
15933
24437
41044
8552
23473
35078
23555
26583
23493
11848
10438
19887
14101
30726
24445
34609
8402
8377
24000
12274
10996
18686
12860
13332
24621
40044
28082
19295
42069
1970
20406
41365
20978
19324
9994
33305
15401
5607
19965
8646
35075
8552
16779
12328
26087
34744
4351
20896
16326
10016
13638
22246
10750
21034
13153
24052
14070
11303
30236
37379
37598
30715
33600
35300
18514
29676
42027
4548
9174
19447
9023
5911
8551
5816
36745
12178
34410
30962
2316
24403
31091
42282
20696
33816
29855
5173
19315
36926
37583
19914
26076
16752
24414
5034
25496
28641
11345
16951
18443
41290
26239
30274
3654
33748
29171
22808
37287
6571
34328
4017
29820
27024
4542
25034
20457
30222
15757
23107
14117
30147
16299
39715
21004
17358
9385
33826
36
33976
38582
7051
18871
23615
18850
42367
34228
5909
19381
4199
23252
10444
32596
5824
24121
21291
20266
15060
11690
36110
7372
36174
16974
43
2167
15428
1121
39270
6425
38841
4227
11836
31465
29203
20793
41739
28282
25587
34874
40212
6622
38680
33330
42751
4082
25389
24681
37615
12416
42559
9969
9570
23469
23306
659
32955
24112
14870
13310
33239
7570
10750
37875
38008
32688
31717
157
17914
32006
14236
19577
41753
12713
6211
22561
21721
11913
35280
31008
10477
23653
29780
33166
6477
32831
29761
27511
26765
7936
14
30592
31790
32096
15270
39222
6504
5893
21534
32346
12378
29590
36601
9909
38735
18727
32171
42825
15408
18410
33546
13397
9679
38623
1700
5803
28863
40355
19303
9217
27833
11149
24446
32487
41000
10143
39596
27559
15972
37823
29509
11330
911
41844
39672
7443
25998
24356
11908
8691
13051
26287
31332
33791
2385
11329
1916
41832
7428
3008
27656
11791
3512
1658
8994
5858
37728
42274
14667
25435
15465
1083
9225
22526
28979
31829
31295
11374
1150
15421
9528
41031
10299
19982
36044
31516
4101
23580
39781
31207
13352
4820
27711
41931
39978
21938
6870
10307
26541
2372
6209
37683
11326
10163
19690
3558
36984
10795
9542
13265
23124
6199
4281
28715
13448
35004
758
11122
13891
37521
10405
17865
23509
21628
3716
6070
31025
29986
33688
32254
10643
34228
34314
11695
4369
27910
2926
22070
19338
37597
21922
29205
32994
11455
24797
838
19756
23026
18697
24747
29100
25530
17634
11524
15592
30072
38878
1991
21893
30320
33169
5710
30856
10595
8064
40484
13190
17422
32230
27647
30745
15125
41706
278
5452
3960
23367
26918
28161
19328
9386
21282
9851
14321
566
40697
36423
7728
24701
16368
37882
4966
7257
25482
29622
36351
10302
10126
24811
10778
36023
25943
35345
31837
40812
15127
35988
41492
15937
10149
23499
42862
25529
42912
42806
26154
23640
41944
17290
18894
35076
20030
12727
14941
17047
24782
2274
9063
29014
25698
5037
15695
313
33653
10946
24325
12313
19647
8936
20324
34879
14049
16167
35256
40020
1007
40138
413
13437
23766
5720
33690
1623
3074
41204
35993
37387
1662
2603
6663
13124
8944
31725
16243
673
39153
5010
13331
33710
25126
34740
446
24219
36019
39374
22886
18572
26290
7825
15896
22822
26357
39943
10886
41726
10289
21236
15289
15520
7341
42444
25801
33620
20445
30272
22561
24218
20173
6486
4433
11721
14187
36885
23790
28670
33445
38791
8755
23034
14670
32298
29642
38126
19191
33332
5540
12619
35996
15811
10464
41938
16338
15845
37717
29174
16625
384
10206
15678
33581
40671
24244
31858
11796
42185
41892
38695
42958
6016
41675
1571
2191
14613
8408
19558
5493
35192
43022
30273
20942
26592
8821
26071
38808
20144
31225
14816
1800
19128
10766
27778
19163
11744
36067
3377
21398
31682
42750
23896
19461
16345
25738
20687
5506
36306
27329
37929
19090
11463
30410
22023
18863
7738
16426
19210
16283
40359
16048
35118
24287
22093
21187
16590
27332
8232
25892
8087
2998
42017
22106
4120
11047
22167
28720
38440
7070
5366
68
21425
18290
22638
16308
23
3548
6364
5253
42903
22325
1004
22363
10274
13664
10468
11885
12625
19089
27125
29751
7307
23081
23550
32254
17655
38470
20214
24808
40145
13333
9397
9672
39508
20422
24527
5960
36755
15140
501
2186
14891
28565
39393
9394
34039
11087
15821
30739
26972
22145
28256
34262
40245
16239
9894
31438
33667
36332
2440
28318
37432
3605
27793
41609
4401
32559
25576
13739
4683
31050
6948
21011
13977
33243
29657
10778
23597
22604
10248
5187
6350
31598
8091
30717
11157
15438
32328
38875
27290
42894
42631
6434
36683
5439
31369
5521
10145
35883
13973
15208
25191
37349
10329
30688
16944
11812
23699
41830
12086
33513
37112
11931
27922
36242
15663
8555
27753
31164
16639
24836
29545
2122
14778
18360
9224
39255
23985
28486
28950
7019
30946
124
43292
5243
38351
26808
32741
41538
17758
12923
29310
3592
30706
13609
6472
1606
26134
35469
8714
33180
6367
3104
30920
20591
17339
16334
25326
40844
10929
31633
39964
29671
32773
14736
19124
10618
4660
27862
40222
39235
17708
17762
30622
21836
43294
18341
8862
25234
10245
3500
1255
24197
20934
31921
2412
26430
33543
27249
40474
28583
13346
19561
2657
39447
36430
14468
20281
23463
38021
41051
19840
18089
9771
25069
28065
1852
28095
27332
22489
7554
7022
40463
26077
36193
29220
27940
24823
29150
29302
19171
35387
7255
4553
25631
23955
4042
30233
13812
31876
23646
11508
18278
4076
41590
724
31072
37153
15580
15255
24239
35668
28763
33878
24988
18556
36589
21583
38372
16735
38711
27687
6429
30317
14836
43408
8846
28494
40852
9775
29578
20776
11752
21557
861
41258
22076
39019
14986
21858
34732
39858
6358
7485
43114
4151
34586
11400
7947
7468
38443
20817
4561
11378
17009
7895
32835
23652
39328
16071
912
21828
27430
8251
31381
28105
35704
2399
19337
22066
8008
23341
41562
38320
42768
14177
17507
30638
131
8752
34477
31047
22464
29337
7963
7545
14898
40502
34826
616
30142
26283
29665
13664
21957
29910
15732
18847
29833
32563
18783
1824
10628
31839
11236
29152
6266
29897
8438
10538
17819
16266
4638
39379
20602
22268
8414
14017
24939
2068
19061
32182
774
18555
39200
26145
18563
8314
25366
27058
1486
38323
28971
20930
31994
32055
20017
35924
34005
8797
41057
9353
18853
10397
37267
24233
19248
34071
1733
4527
18160
14085
25417
19224
2808
15207
17120
5280
28011
26251
11853
10615
9719
26299
1234
18398
33308
31001
29093
34115
17424
13141
36700
42275
33438
19554
18643
16226
19630
31396
833
25226
14149
28031
16554
314
12602
24055
31900
4440
40659
38211
24610
19005
36908
24896
8198
41537
33240
1806
31172
42143
2480
10185
38982
41026
11360
14501
12251
26798
40686
38447
27900
26254
23044
32811
18224
18678
4637
11198
21170
1033
24245
43241
37607
7132
23974
8066
14672
24363
7256
2052
7677
16686
23847
27448
2403
33579
43335
21167
27455
39759
23281
36332
38619
27668
4077
23867
29936
1801
9887
10145
5713
28763
10782
7772
9917
40816
19133
8068
33812
8195
36650
3890
33296
12198
10890
21227
33692
34113
27939
25069
15185
14463
42829
38648
3701
38076
41995
32869
5733
41328
31719
34840
25393
28408
2273
18047
13727
25508
39551
3134
26903
12953
32847
33877
32960
37763
40405
11719
39954
15981
19845
3939
5049
43146
18639
1724
24396
27297
17477
20713
31082
21559
15228
25813
13594
25739
16590
40263
38543
30544
32449
14653
43121
36676
20116
21525
14800
30460
676
12115
3087
23849
27556
10830
38180
28443
15363
20963
35968
17077
32412
1083
4677
23122
28571
6820
30916
9208
39217
24039
41916
15458
40335
31527
12954
8796
43390
2458
13323
43376
15395
17792
25283
16200
5258
1010
32328
15874
15425
3678
6472
38115
38429
41030
22477
99
29259
33246
20405
9970
25381
37700
43147
29596
4744
27404
5241
33875
5966
28657
36927
29406
35144
36200
16721
3184
27182
29148
8239
36256
9787
20845
30739
41721
22245
12028
23900
39075
3412
36638
39185
32262
16092
32986
37755
8953
25565
39072
35599
39732
39563
20798
33472
6225
6785
5620
40020
34690
4898
21571
9812
22112
40835
41277
40997
37537
24975
39930
29591
18937
23524
25734
38883
13051
3830
31026
15067
34013
41493
12985
41868
26742
12781
36368
28536
26468
35145
15644
23796
27698
27997
12383
26084
41578
30146
34359
23063
7172
14842
15084
23984
42416
19309
31829
18551
34051
23302
17439
34999
12999
9326
18499
20086
18547
39808
5114
12997
18668
8913
2749
13636
4253
27975
3527
31027
27816
10745
20186
29704
18677
23610
34321
33547
42214
17609
41183
25155
18401
11418
28361
9809
946
2062
38534
13400
19721
18485
18962
19003
38993
21744
12738
15581
42569
10023
15243
19560
10349
24389
42294
5776
22750
39745
18904
37493
43846
1229
38038
17907
40795
1904
5766
12955
41378
3915
32502
27271
10064
30463
32891
8009
39686
23431
5819
42342
41685
39402
16372
23558
31988
6595
43754
27715
10363
35245
26779
15648
39865
41454
31317
5999
28123
16921
35449
37626
33843
18411
25706
2305
2630
8289
30428
38544
17667
35027
10521
14496
32488
37179
2354
26142
25264
41147
20549
1238
41448
42273
1185
9853
26580
14607
9476
21344
4831
24745
40741
6215
11588
21251
435
5524
42795
20267
4799
11289
13563
980
36964
18437
9675
20434
7756
3957
32964
4405
22096
30768
13439
30020
9358
27576
9828
42176
6608
39626
36731
30110
38808
26158
33800
20093
27492
38011
11810
22207
24595
7411
23479
43018
22052
19244
21489
32607
24892
1600
10124
18992
22129
4034
40892
33774
35124
933
19706
6682
34097
10131
5074
29202
2324
32154
18795
2867
11263
21522
41894
21535
331
9072
20056
30882
34320
14354
38078
2332
28690
33438
22773
24857
21640
25135
42279
25564
28921
33634
27716
2728
29251
33101
12519
33100
7203
24900
14301
14175
39919
9126
9731
9110
9424
6188
30845
24322
43365
8809
8947
43839
3575
7743
3863
22379
31614
34039
16786
3560
12809
3228
13540
31953
30623
31925
4000
9638
39409
35786
41545
17108
39048
6048
27777
4958
41753
22363
11783
3752
1442
26980
38309
24339
21881
25921
17474
18460
29162
14556
39678
6911
36662
35365
30709
601
20789
22101
40076
20033
16842
17952
31902
40128
31329
25206
34727
18971
27435
24401
39738
8917
42071
15443
21705
37683
8957
12202
17973
11694
40824
27022
36692
38468
41222
18859
9112
36840
5049
1789
29593
16959
21322
25494
8662
33225
43857
39293
1362
15797
32006
8489
14270
19053
6588
24819
32594
18592
9591
18141
10845
35998
13242
4303
5557
10949
16715
27428
38249
27104
1490
38260
22135
10449
3016
9872
20996
25953
41421
41314
11172
21636
6577
14315
12640
3674
25171
8687
33136
42157
10982
18577
39938
112
8845
8365
19842
12899
18453
42436
36796
29362
19824
37479
823
4991
7711
2883
11870
14227
16640
30051
5762
34582
28087
24606
40977
4858
11492
3785
20889
22175
24362
38871
26971
31560
28246
37588
38237
21797
10467
2210
42294
4778
39827
22231
284
27343
37203
23958
19052
33720
18325
14512
18638
8949
1781
3527
12967
43183
19605
6275
18850
14022
4063
40299
12802
19400
14031
19790
21977
18104
10385
34284
10801
34452
29500
10452
15733
37556
42764
31138
29941
19327
11146
32419
42316
30537
6911
30219
9272
26624
19603
18973
43444
9333
21854
6549
37180
43820
38341
26962
30559
40743
11040
5071
29296
15999
7040
5703
40323
23180
30022
31478
35991
14950
7178
1628
4061
39620
19802
15158
7997
35914
30580
4325
509
29177
5048
1184
5928
28794
9833
35536
37675
13123
9617
14408
16371
1627
24978
41945
1100
38662
41168
31255
31266
33076
35154
1665
35570
1834
29895
1705
27417
24598
43351
33152
21060
39679
12579
32609
12129
788
31515
26285
43428
19553
27340
24253
3234
18952
22364
44253
30021
5779
11884
6184
35989
35645
22982
41970
2943
7423
40669
16301
17517
7442
28579
35991
3663
6800
35878
31073
30622
19363
27404
14479
31407
43766
20758
30192
42452
28466
5873
43430
1835
15677
17487
21607
39974
1915
17035
15904
43693
24906
5406
36842
30401
43992
26354
28482
6875
12429
40832
28424
43361
40685
27685
41941
38328
36617
34689
30497
41165
7213
7633
13475
26117
28249
17839
31241
10406
23470
15906
31983
19266
29602
6259
29454
7390
10157
43324
37809
7119
18470
21419
30798
23912
6765
31399
29899
42434
19643
2333
30395
9175
2973
6366
26942
23931
4450
8759
10003
42254
4352
20229
21490
13823
17864
20877
14595
42448
40899
40878
2383
24865
31169
44319
22238
33438
30649
41423
32257
40990
4688
26428
39313
11363
13834
32170
923
26967
25492
23284
7702
23273
21532
15272
8193
40994
39220
17090
26524
38257
15968
4692
30155
33197
43948
590
5416
30744
24194
30210
26206
1349
1844
27233
7627
13275
25904
33040
39650
38406
33808
6625
6521
21310
39729
42759
15379
36126
11511
6237
32138
27158
41916
30526
4238
9915
250
27771
21392
4906
28726
26319
20534
4209
26225
15790
19127
18697
12448
24306
23389
35355
19968
24842
4215
14915
33018
29767
12376
19128
3606
25527
9929
18110
40954
19740
4604
28775
30190
26264
15203
12433
20527
41204
34158
2681
12
14467
5070
23779
6246
5971
2052
4049
14688
9187
28174
28266
43183
37772
20549
31513
12890
11007
18310
41039
7477
21831
32105
22920
23082
1540
35454
31263
32726
12400
40505
10710
42231
43275
12382
23097
38169
17128
15172
19129
2246
21497
2181
36574
7948
24768
12127
20954
30468
39862
37516
12338
41060
40049
36261
15842
6454
15668
35646
7826
22236
35085
22043
23842
15454
10606
30623
37650
40210
38234
22947
30444
17017
43919
18465
26376
38522
28831
37270
1201
4843
33882
3972
31741
4249
36261
17251
16283
15688
16636
26563
20317
7819
20837
9405
27680
30338
25271
40276
41743
10926
38302
41259
7985
31653
23766
9578
29177
28665
40131
17529
24960
18351
1120
29788
31552
35848
15723
11004
8155
40179
26553
40958
8555
39984
44495
19445
41976
34010
841
22507
32034
37300
15456
34078
28112
8331
20358
2914
18915
42001
18827
22170
31463
1717
35130
5580
22107
372
38839
14993
24774
5777
27368
20181
32427
23872
20134
5761
27619
33155
39757
15803
14680
27520
21426
35140
3671
9609
24032
25228
35643
44108
40056
19111
39069
34511
42021
23556
28568
29238
4217
6376
24506
8507
10889
7789
30745
39435
25762
37844
24505
25491
12472
24575
25326
38289
10643
18837
12500
43103
32
24054
35927
33133
24728
22115
27317
20210
27580
16803
39678
28357
17517
23970
17339
37603
18706
4283
2979
38352
29015
10008
36521
43256
23633
38225
17900
42702
11166
26217
2509
15266
31359
35263
18416
20770
37650
41863
35784
32413
27804
20024
42177
23708
24038
3324
24263
35814
19843
35201
27522
21197
2899
8900
11345
16117
31186
19417
3697
16664
16088
21508
7775
6033
18842
24095
14260
22906
24823
4306
13708
11567
37109
334
35710
21383
24399
16589
17444
35933
44308
5588
15885
13757
43434
36753
33371
737
19248
23907
18643
40185
462
36553
1387
4243
19517
41268
23179
6409
21587
14695
24252
227
37404
9371
20438
661
36634
21463
13687
2727
27218
25542
1542
30691
19767
3654
6923
40573
38908
18773
6872
22896
9277
23978
1046
3991
1087
22537
5071
36531
11143
43618
4570
7383
36232
24835
32782
37919
4263
43298
16215
15353
7565
30664
25810
35761
4775
40664
32344
9790
44417
21130
37103
27776
8959
9441
8544
23652
17402
18246
36114
1361
25565
44670
36618
43199
26492
43984
21034
18665
34202
40747
36110
29784
3454
25936
10583
33940
438
16845
29472
5065
30394
41350
709
38733
35452
5710
35628
19971
5487
3493
31434
39904
39438
43278
29533
34564
14760
18906
3693
34072
14445
34506
41112
39558
26904
31600
21294
37749
26200
39905
14779
23004
3738
34149
13341
27623
33306
31832
19549
35932
5741
5664
1586
6640
42268
29736
41238
9089
36224
22264
16618
2078
42522
11443
16666
18329
27065
26080
13247
5963
11386
44168
36751
33176
39006
1580
7209
17876
9013
7407
38469
12485
15463
7042
7075
37907
38609
7921
902
41540
30043
33627
35617
21671
44700
40502
15448
23359
30536
34345
33180
21559
23677
4235
10028
30518
19312
7217
8047
15112
5007
20819
9209
39686
42335
4002
1405
12611
8872
44689
22233
17758
21726
27062
31207
18491
40177
36133
37063
14557
43184
16781
17540
12810
25655
42327
13447
37237
33114
6279
38746
35213
42441
4725
10170
16563
44757
4437
14755
32543
30903
19054
15354
8299
26736
10964
13982
8918
19125
7384
8128
43625
34166
39359
18364
2691
5228
33413
27007
16424
37345
37745
42131
9260
18567
10648
24034
34024
33231
41293
2353
28819
30015
33787
35220
6286
17430
11689
9132
21473
10950
23712
36405
24838
41135
7708
19686
28232
32883
38871
3331
3622
32999
12015
8710
23233
22954
1816
36804
35306
11674
3781
32996
9959
12128
13346
23413
24006
38164
7054
18429
1953
15071
9695
18545
44290
5769
23279
1389
25659
4629
33958
21570
33592
1376
17559
2190
30791
12774
43707
42327
39313
10210
18147
9392
2881
33873
33439
36255
17091
26724
32610
12301
4825
23586
1942
5270
12705
9508
24511
31501
25848
34087
5851
22070
20881
18228
30769
12808
15673
30108
31007
36222
31691
2297
3952
5514
11737
8899
41985
38586
32422
43078
14982
6898
21014
31509
36712
15590
19766
4438
19435
14111
42689
7905
34231
40316
20566
38584
23277
32044
41531
27441
17327
30147
12421
43207
5242
25049
18823
32112
15450
8266
16199
39340
23883
3973
44873
14994
3247
5739
28383
31709
10913
8851
8239
8567
19532
14858
36969
11345
36051
32075
24775
34017
44569
36341
10638
1559
18416
26764
18695
24537
3044
43513
24242
13524
1143
9303
10266
18823
16604
6938
4040
40042
11242
8724
23672
35991
42675
7459
17929
17694
24978
43611
28743
32515
12145
29804
42191
11952
3996
11689
974
36173
26118
27028
29782
33934
25239
10130
21528
41198
3692
19570
28152
12518
1956
39901
23069
33909
7217
29789
37338
27169
21207
18
1116
25577
27746
35257
19270
3335
23969
43032
40303
15487
350
40227
37860
16874
17976
3200
2584
32826
13889
25406
39980
10086
36490
34997
39642
27963
25977
23703
42568
5187
10209
6260
32517
4720
42733
28672
4407
45257
40979
37631
45375
39920
10299
23434
44701
21059
10637
28531
27031
6552
34927
7515
43978
1379
39347
43729
13897
42184
1840
44606
42696
3137
30839
14228
32281
20213
26400
15500
37143
30741
15735
19613
15555
6522
9710
29450
22768
25563
42427
25863
40147
28910
35066
13076
17188
8146
7907
32800
32635
12642
4515
45479
11122
4714
35199
887
37402
5178
17121
42414
2888
39240
41824
42274
1817
28307
13109
5808
38446
23413
6525
4079
41033
31509
40330
5727
20766
5122
25017
35811
9593
19448
43486
16852
36613
15207
6951
24633
9105
15494
15274
2490
38785
27418
31451
722
20479
3674
18075
45619
17177
10301
41259
41051
9871
20745
5291
32278
12428
32064
17411
36456
31453
41686
31417
13456
23293
39762
5657
847
8805
21219
10036
42961
21025
13280
38877
41959
29576
31534
16064
12948
15694
4309
13860
18519
17310
7567
39132
44856
3428
43052
1735
15304
22077
10453
15298
27657
17775
10522
7946
42275
34296
41682
32997
31350
29252
13531
43901
31772
23428
16563
20985
37826
14434
20745
37953
26087
20138
20164
12248
21070
42718
28928
8385
15683
32440
5673
43656
23503
40151
2262
18705
34067
20266
6970
7790
15848
38510
30226
3759
39777
35927
19389
10751
2457
5321
33721
32569
115
6180
33100
12020
42446
28164
14096
28083
21139
14914
39214
23005
43043
24736
25007
9645
934
34017
5332
39905
35841
21374
11792
6595
3500
13884
33836
17896
7715
32059
44338
12946
17879
39538
34054
23680
26579
14313
9280
32828
33873
6471
3669
31759
42289
23005
34969
8476
33978
42778
13364
25159
23129
35024
23990
6576
39054
36938
17411
17560
2533
42383
38478
34647
39346
35110
27669
4160
43443
7691
29646
3793
18165
41949
10641
8375
7998
30199
1958
32919
24232
10072
40844
38513
18985
23573
14566
44304
39915
33808
40456
12396
44920
45801
11585
27212
3640
13631
41390
27412
29319
31200
11286
41520
7469
14448
26592
30709
17823
35048
41456
34987
26462
4341
25624
282
30551
27744
40071
31027
44629
24843
20391
37820
30519
15195
19048
43556
23252
12965
41716
34897
31999
2411
41694
37431
2796
27793
41994
41520
38476
11161
44539
5141
16220
23994
41973
32147
3483
45395
12502
2938
11570
21886
23768
34886
24400
11485
11683
10908
20863
1055
4926
30313
19730
32496
2509
30934
28356
1260
44421
29183
13978
31422
446
11137
2866
19350
38837
28341
5824
18568
13329
10770
9330
41410
4914
11095
20646
368
5471
25216
37386
41324
15945
45125
18459
3823
36112
37560
22391
17819
7787
30744
38352
5179
18120
9426
27827
35460
25484
1919
33608
16152
42964
81
23619
16888
9842
43507
3888
24541
4180
41153
18838
26212
11589
31213
27240
29378
37717
16259
11689
26625
41069
22508
20942
6542
8629
34274
42643
41867
26870
20919
20175
30656
26756
19853
1454
3046
15812
27183
26511
38093
39135
33187
1887
25919
22486
26705
41593
26110
21134
4373
15307
42341
34104
29110
22342
31856
29204
5303
12487
15773
13249
34916
43427
1178
33819
38571
44360
44149
20152
7535
44067
27229
24591
42175
42707
20174
2788
30266
18333
10238
33929
15334
34404
42534
14770
21811
18344
2799
27665
15141
24555
1651
6894
34402
29708
34037
22249
21640
23842
40402
19113
10112
13069
34542
33194
11333
5966
34712
30822
31423
2016
14913
19879
36648
37930
14651
20378
45785
40186
21079
17925
44270
35945
10616
15861
1881
43101
9551
7580
38896
13347
37733
4015
3630
27043
35503
38096
7025
13313
651
18329
35377
1095
26727
21667
37751
3425
23988
39541
2987
3477
18254
44462
40792
18110
39791
31649
23009
15965
41911
27828
11143
35559
749
24628
2404
1222
32089
37721
6920
19923
12905
26186
10390
19014
13777
16264
12521
11451
18250
30788
12402
6496
30323
20011
3242
28022
34449
14428
38722
37820
44480
38883
44043
19625
28318
30248
6838
33492
1896
18829
13804
10669
16130
12207
7445
45227
16839
5231
35686
13448
2941
14192
15864
15068
28113
43472
42156
15312
4096
4589
24309
28941
3075
242
9473
35557
4948
215
22436
25591
16791
24737
35340
38911
35865
17114
42307
8394
1439
6167
27128
9217
13033
23840
39659
4611
9215
22542
23260
11648
22848
20090
29685
18959
2694
6064
22162
33107
4561
5021
37842
38413
11004
25359
44068
16717
32359
26887
4934
13802
10753
9641
24026
9608
19803
13490
14508
33013
37506
17238
17139
39005
43772
11884
9924
1379
33368
36872
15370
46132
4708
34547
44046
1118
39008
15892
14455
9807
4948
41992
6057
34654
35485
27616
32629
25003
33189
21988
38513
39939
15368
32829
12959
45726
35019
1194
38373
1268
52
45763
7546
34849
18321
23505
40086
32146
36441
40450
29389
32920
34102
38357
35614
24677
33818
19669
12285
5428
38410
2726
28828
4029
4006
22732
22961
40999
35800
18836
39838
828
18949
45040
13768
40354
26151
7633
45791
2583
37844
38270
44463
34653
1494
29579
43486
28882
28234
27968
3909
9178
44661
1711
42296
22684
9042
30962
17518
1754
45965
8271
33692
39403
15501
9567
10494
27487
13568
18916
4251
16535
5724
1442
40618
28624
23035
9267
5999
35938
20017
40796
45809
24673
16959
38436
43103
41178
30734
26531
151
24209
34162
18268
10176
9128
2964
506
14748
26860
36613
19623
7964
18
39275
8934
26477
4457
21374
18054
45918
18720
28022
31675
16387
39026
16435
35027
753
41424
27948
13881
37526
32692
17836
3064
31139
15833
21089
44355
22332
20116
31506
31112
21091
31182
587
28206
28980
11157
42257
33691
27669
19248
9607
25741
4176
1904
14228
46136
1909
9881
18600
896
23585
4123
18815
41351
23268
25546
7882
42917
25801
13163
37981
10039
30781
22175
5385
22234
41116
14165
15267
33525
3129
27966
30198
13323
27282
44339
4991
14605
1403
28583
29522
28699
13197
1488
1710
8446
4773
9994
14965
12778
33345
14980
23226
16692
30380
20737
30945
31338
32683
12927
8696
23413
32511
34002
30839
1235
26221
26580
11895
22005
22760
19134
40545
34780
32388
4594
44628
20046
23676
36455
829
15381
15486
31151
27078
35802
2710
40778
31873
40422
30673
10433
27862
45175
40260
40788
9580
11855
27525
42730
44765
2386
4691
34566
44206
41037
39228
21968
15393
25128
43388
3864
35286
29302
429
26876
33908
14773
32429
12617
36114
3594
42550
25971
3956
37005
3407
26446
25065
1169
41284
18995
13761
45155
29428
19242
42599
1322
38930
9971
22380
1013
34775
20566
21851
44663
8356
5457
29735
15570
29352
26840
32058
4125
39660
14492
43651
12320
31873
26795
40799
15153
22943
21814
7743
16444
31752
1520
3852
34296
39135
23780
36560
27470
6561
32721
36780
10195
17883
4423
19359
36878
32604
11951
15772
42373
19348
13964
26828
16169
12138
1977
30607
30662
36120
31744
250
23852
40193
26968
29816
12557
28551
9629
39814
21438
31470
24386
42552
1675
16201
46071
33022
42445
20670
12763
30487
41370
33160
3590
22531
34173
11969
7851
13186
34555
44520
45960
36794
30227
16260
35013
26956
42824
3368
276
21997
21188
227
10291
20171
2117
29690
22015
1834
26107
13833
43405
16598
5537
1918
13884
28525
8197
19570
7194
11469
37297
46204
8587
15146
29502
711
20092
1748
35159
6415
30142
34303
14311
30377
43861
27094
30618
42971
12170
10398
38842
18470
39776
41073
44297
15936
4774
14114
17736
8220
25875
34593
43673
29562
15278
6187
4520
22432
9379
24945
36393
11283
18656
43467
19223
21806
33032
5911
45563
4777
411
1153
36969
15060
33501
42449
5757
41072
42523
41100
16709
21715
9729
29520
40515
41190
44641
3978
30825
44319
19069
44239
32243
12471
13652
9172
27807
13416
16548
9920
41485
43818
16894
17864
34676
22403
15483
15277
38995
39366
31611
22254
13211
4885
21960
44803
16615
16965
2827
19200
22855
14913
2185
14595
8432
3331
14258
43868
8100
22104
13811
485
14069
17016
33359
34204
29143
28214
8729
1707
11545
30768
27540
30494
37822
12474
21677
12348
7614
7747
42989
36370
26340
31724
18940
12976
33450
40926
13809
5653
931
35898
6520
17725
21841
9660
36373
36516
24886
7931
36730
25445
39626
28879
33955
36764
13090
7875
24121
45861
10227
22494
21504
26427
27194
21533
1439
43266
44781
6777
38226
34609
12138
23408
15713
41128
25050
43903
11666
37222
12317
3117
28897
13367
13717
28081
42175
17112
35948
31375
44976
15138
6573
46643
22514
16302
24970
188
31015
42280
26542
760
33819
18819
13955
39806
10145
1433
1237
46503
13166
31791
5172
39849
35245
38091
31592
30903
18452
28736
21059
2610
43692
30064
44738
27334
34287
5104
3145
28798
13091
45886
43727
20224
30496
10371
36966
10216
13490
32864
24410
21342
13919
27447
23654
9888
17554
31091
16656
31768
34174
18333
24665
6152
18947
3891
33660
1902
4056
40153
6754
26276
42499
31544
38207
14945
36341
45619
1924
45929
44901
7419
42464
45987
44940
20043
31735
46264
39997
26427
23787
677
9358
42179
30503
36702
16755
40259
21753
34874
33562
31598
42850
6269
8218
39047
46859
43634
28949
41642
38354
13505
25707
31500
4055
46358
40479
25037
3687
40048
46234
524
36872
2846
15037
10573
5279
27588
31782
43899
33138
24158
43240
31526
11090
12065
46332
35558
7617
14860
21213
3320
31926
3965
41339
18462
12305
7534
436
9489
46836
36615
36256
27223
11981
1662
40053
14792
15403
10360
5207
39087
26176
23871
45741
45743
29345
15561
23293
10892
29975
6165
21754
28259
3624
37253
31684
16911
22545
8882
13190
1202
37368
5494
17892
15879
36159
42291
26508
18965
5810
21891
12626
1433
11474
27346
28545
28811
32398
30494
33960
41843
13850
45493
26774
4342
28312
23006
23158
33154
18043
25527
27011
9966
39727
30505
18835
879
34576
15200
2513
8067
34774
18413
46700
29088
43781
34655
34993
39814
11233
23612
47061
17909
12689
1880
46271
31538
38750
19125
21086
39081
32522
16307
45795
23486
19188
39702
24642
6457
23343
24659
42410
19339
1104
26967
37741
35804
14836
9178
26373
14770
42266
29521
26205
42643
15936
44214
43434
28590
29100
7767
41394
36981
40635
17475
30602
28303
22889
25337
39983
26319
26415
36689
16598
8308
1584
35585
7206
15776
37256
4310
40999
19190
5752
45163
19680
23093
36780
20596
6449
2040
26183
938
42187
38265
41203
26368
12647
14478
43677
46064
8805
38038
11725
36455
569
16354
37851
43809
11064
28045
26670
26966
11568
9060
36559
17185
22203
26169
18789
43115
35159
37109
1723
12242
43858
22139
41395
14616
34362
47105
2676
5894
44078
4954
36355
3095
6478
18666
39641
19491
26548
11229
37472
19449
29056
22274
40651
13328
24143
470
40642
4020
22134
36659
37360
4823
2434
20294
23193
25995
30341
37674
37305
40990
2689
21706
19680
30752
40264
38343
23193
37620
7827
12666
36895
15205
36808
46841
38842
45687
27049
27179
27882
3306
7270
31740
2953
45576
10149
14245
34326
42649
45004
41957
23814
25309
37853
32554
32956
9500
36556
5407
1307
38856
6020
25156
41952
468
12485
11766
2940
7137
19682
25609
16782
1663
5426
809
14837
46558
34111
3759
1603
13982
45203
38230
8151
27776
6156
47226
44788
19829
14457
23680
8525
14948
18787
32804
45954
33721
31598
7685
11435
4887
36301
28543
31385
18476
10381
1186
20090
4877
36979
34056
36395
9252
15465
37002
5929
22565
27127
22763
29132
6068
33312
23973
2301
22873
31893
15997
45844
6325
17730
26799
3738
29962
39397
23653
23076
31198
41615
658
6845
19022
42671
40727
23710
17636
17615
485
5421
8910
26125
39372
8565
19979
17650
31958
20804
33804
18210
8207
23919
10918
33177
13669
5461
16335
10546
46347
36711
29268
35124
42856
18646
9096
5542
1127
43641
28187
27978
45692
33078
9548
38853
24337
29234
34884
37917
21575
30129
6505
18006
9412
7645
27117
42715
27499
31598
35154
37515
16312
36218
12907
19004
40762
46625
40209
27565
11969
46078
17072
28064
15112
24530
5363
17281
23085
40370
21059
4548
23548
43631
41324
6388
1538
2622
8414
381
18625
31689
33026
25887
5949
13550
19788
9486
43178
25641
397
46428
19245
37196
46624
39669
5067
17865
23313
32020
37852
7201
26060
17971
8211
29207
2871
16802
4902
22257
26236
7430
40893
19716
21442
10467
19346
7633
47117
47282
20806
46108
30280
43840
40183
23124
17199
19883
19909
35092
12221
41706
31095
22827
5492
17346
21747
13001
11230
40226
18242
42292
10693
3620
24488
23376
25778
22583
13852
6110
38588
22261
8113
5760
21292
21137
27446
15839
1315
26201
30803
29437
34628
7259
30339
25300
36426
17541
30493
29866
35303
36536
6623
45620
45250
46190
38110
4877
34855
11717
33121
15206
29821
6584
28791
15391
3837
27494
4411
2198
33348
6249
34687
11930
42628
22588
33505
37931
34797
46458
42843
2687
2075
44234
19386
30399
15800
9971
39726
11162
44409
38800
12800
44004
21523
12989
23890
46059
40947
39575
1533
29950
20765
20579
43430
39616
37927
20807
5045
31230
37689
22328
32316
31780
23057
30923
7619
2350
2362
27734
2080
30972
29675
14776
23956
41015
1488
36894
1377
36717
24510
22637
46048
11822
32100
42361
12122
23067
40765
42724
20467
35725
9375
10601
27461
41509
8810
7470
31312
40076
45153
25531
23478
7147
30329
29527
46251
11987
26709
11265
23574
18128
2055
18592
1273
37419
34012
30670
26001
27931
31604
3388
11827
47575
30530
27851
42398
35155
23023
22746
28969
35156
37008
4397
7976
34766
31712
19257
22391
37679
3336
36439
39933
29853
14310
8206
18705
13346
16555
13321
18116
19123
1996
10997
46876
1329
2771
37423
32135
30452
23166
24436
9221
18764
25568
8126
20907
43425
21763
8316
5504
28895
40167
917
34408
47151
45475
27763
27906
19217
19858
22738
37411
34673
8394
19178
28561
1813
40850
16549
2748
20635
23557
23033
23780
35444
35375
41865
40790
227
2654
26042
38342
8382
25714
6957
22133
34016
19626
25134
26450
31128
46738
37622
38002
11554
15206
32337
10227
5259
44117
9352
36290
31466
46259
17305
44029
33257
18589
39946
19651
3283
37699
4332
6946
19665
17216
1808
14176
31189
15062
21472
38675
7620
27983
28897
11061
32196
27249
46712
30809
38805
42453
47696
12705
45367
20760
20132
704
34281
35827
11502
23730
1781
27045
34324
17035
36051
15771
13035
24650
1671
43423
42230
42356
18200
1316
19726
44189
30849
26628
25295
1491
10335
45361
17517
23180
29040
15954
14525
23894
9134
39851
33459
8627
36412
31360
5019
4074
10820
1116
20327
18505
7702
26558
32163
26418
36185
43234
17488
22517
25639
35028
13538
26105
21441
44711
31948
33104
22027
35212
8902
45456
12629
17145
42467
29731
41921
24482
15388
13698
23974
40906
5460
3597
15776
13648
9589
42199
26219
11177
47316
12212
29333
14462
5959
45925
23326
38138
17343
204
39535
18597
45688
34818
35598
27114
18401
39602
28353
40665
29735
23822
39715
36236
22340
40587
31909
35961
397
44490
44826
10576
1502
11226
28034
34108
6789
14912
18753
41543
44458
33372
30520
2031
24572
18534
39196
6866
36717
7468
43382
11252
41190
37898
30637
46771
2443
19428
4366
6182
34574
41634
5834
26281
45713
39979
46782
22540
37624
40233
44625
16831
24381
14071
11615
3435
26284
42798
6389
2293
14400
45829
37701
25991
9337
6428
21659
6661
14678
5683
29891
46655
25099
25084
7253
5647
6835
13167
21335
9800
38591
12197
39812
46765
32978
31151
41862
5493
47712
13985
20971
13399
9142
5596
10863
42120
46280
35629
2797
37277
45297
29027
2098
16994
3610
47488
33459
47836
38215
39117
20030
17060
10302
44304
18292
22249
8226
40329
38807
13302
8134
30249
24507
23517
14482
37908
37051
13099
44003
38461
43809
34624
41879
39418
879
42106
3757
15457
7774
46087
10982
1391
44954
3451
48014
5794
28244
1740
13650
31616
27749
21773
6438
23723
8218
4992
9866
11140
35745
27111
46775
2663
47313
712
31220
41357
13857
8698
248
32476
22090
35907
9804
27205
45379
29732
2920
2760
33763
16012
46231
20662
5470
47070
31025
41660
16150
951
17004
31061
32632
28514
35218
13350
43047
7769
1842
12220
7790
13713
37121
19808
39481
46816
13837
31035
7095
35374
44397
33533
2022
23625
31199
41355
15534
7610
11124
45041
185
47407
43591
3091
40535
27935
7248
4480
34552
24828
21781
6414
31624
2713
27632
6928
30412
21654
33810
5655
18367
31272
855
23401
7843
9162
6969
9440
21856
40572
27812
31823
9245
24128
38767
17047
18780
35149
40608
13080
19024
19979
15227
25096
41633
2418
46344
3455
26403
11374
16199
3993
22494
31660
46236
30019
25379
3905
45103
31888
20190
10699
31901
35845
45026
44952
27607
5966
48086
6842
45164
27762
19420
40654
26562
14497
15088
10910
40546
21560
25427
17126
9539
1337
16989
29995
36191
15347
25422
39618
33250
26615
45297
2354
17869
5579
3925
35326
14785
46893
993
2140
11263
36327
30712
20209
20890
35557
13472
14527
22080
12692
31448
28346
29221
42439
16183
23793
1801
37697
570
44698
44032
44321
230
27289
41026
16333
4844
15184
26394
43646
29946
24216
33
27215
10448
32229
7918
35821
36849
19221
8930
42788
8929
9824
17728
41564
20013
29407
38236
28074
19462
36466
26054
34624
2209
24490
21500
35199
35917
1145
10399
13496
13916
5146
14619
41810
25010
40643
27926
46234
44676
43851
35975
27222
6039
40746
35083
22
29388
20559
16538
26048
24179
44872
41896
186
30565
8244
31796
12640
25879
23756
44284
19864
46132
15276
41263
42092
40017
2934
15910
47011
39438
30785
21262
6429
3379
696
48308
25763
24214
46681
4635
29801
11823
8533
29587
30414
2412
30737
7056
11541
45990
47005
1486
15156
20803
31720
11997
41810
32458
28926
26738
33953
41816
17765
18865
20099
17152
23357
21905
38845
8973
15168
42850
38940
15781
2649
47099
28732
10827
6768
25431
26121
533
34126
34519
38613
32008
9069
3731
29204
29295
46905
38712
21641
38476
43683
46373
7075
16100
9291
37791
39138
42923
43486
34083
35768
32441
26509
8300
22981
36855
37646
257
37790
35789
1309
35511
17823
36505
34728
37254
4669
29209
29601
29040
23085
20911
19975
39013
41506
8315
43196
25103
27913
25591
43942
5552
38958
27403
1073
12273
16867
16027
21213
6697
11019
38404
14883
5706
16765
5120
33123
39042
17402
7340
22067
45636
4621
10377
41929
28625
10508
26511
18519
42689
14246
3104
46782
30451
47723
10958
47496
14238
44484
14668
34114
28719
11489
25000
8142
17880
4441
16996
24111
2901
22493
27102
13419
34395
462
45581
5220
25896
48444
2509
17138
47205
666
12558
5512
14732
33462
12462
17072
46735
18784
18591
14329
19774
22403
3762
12431
7698
13149
4852
16558
9580
47928
8219
38123
3635
3379
19208
39225
21134
42580
35192
28375
32940
6629
25649
27617
15699
42048
25587
38882
28298
36335
6744
6821
37506
19187
9856
35320
42345
48224
14643
16526
4088
4010
37073
43729
31161
42185
37504
34402
10710
26612
46647
344
18819
26132
16638
39611
11471
14924
40296
31582
6752
31779
19611
20392
38251
43656
22536
22944
37211
32804
10947
262
10058
28008
19854
43605
34460
11047
41844
44502
47318
5006
21454
5889
38570
41932
28047
24075
6136
38329
17862
675
27331
42327
41321
32083
21208
46263
30447
46820
21551
26669
37163
23670
43975
31403
1155
32929
2539
10096
42140
24768
7156
8320
21529
22464
26040
43848
47245
25111
11609
265
26589
33419
24455
16548
34793
20219
43689
32267
10173
43768
43072
15149
14281
39910
32693
25457
18812
17919
45841
30860
3643
19132
22804
31289
44333
37998
6523
7351
42004
18407
7552
22846
27610
28939
46249
29486
34975
8032
7688
4790
25918
42490
41245
4057
35905
16643
32820
30714
2326
19690
18185
31292
43413
35603
3045
48647
1792
12612
19382
5732
2409
45798
48139
12711
45003
3384
1307
28776
24363
35895
42832
24580
8833
2648
25994
39570
1400
25292
43033
31324
14785
17435
24084
1963
26212
7962
7743
38279
36689
39565
48059
18271
16260
41468
13248
12367
2519
15083
48038
21687
39779
31923
14394
42156
26598
32354
35774
47877
12484
19500
11306
9211
10919
10816
13476
3836
28626
38393
3704
34640
42076
33466
1883
3486
41108
25444
45563
32139
35214
45849
27795
23235
1438
37884
19329
26040
21788
48595
1099
5298
13397
14860
37103
17149
19734
16916
45473
19279
221
14861
20288
14171
7839
16217
3874
16720
10015
48428
32808
32847
46038
20068
38430
38165
47503
34557
28262
21354
15726
40273
4080
21822
4412
5349
12367
40296
6766
36619
9546
38766
12286
11121
21227
20302
12189
24123
43093
1427
45456
6079
11065
37784
4055
35299
16950
45663
44194
3835
25503
40116
17852
29142
42759
39771
42432
18827
24837
18781
42163
14683
39321
1702
30880
2750
7392
40352
27103
31748
21817
4131
2618
3764
14834
10373
9633
26962
16462
15139
41672
30899
30721
16495
15331
10673
37029
12356
23864
19826
24883
25959
38755
17303
44467
19534
1684
43498
46259
40082
47590
38699
4367
15907
24575
11487
38001
9160
17194
38621
26447
38066
35379
47044
24326
18609
6995
36011
18901
35321
18597
6938
984
20071
2894
26778
37553
14030
21402
15119
41895
45233
44145
12595
41672
38535
17228
13912
10866
7564
7642
38392
47965
46557
31417
36201
3031
44506
7522
36406
2269
2001
24035
48358
42677
32709
43373
48594
3948
32114
47474
25231
41645
17403
44147
16278
28564
21461
18491
5370
44493
4233
39210
19961
24589
6634
18610
18794
14503
16550
3398
13774
14021
12182
22646
48239
44571
19363
15839
29839
24143
18492
48235
36253
46519
42328
46460
18961
10965
24541
47016
1971
36998
4883
28166
8188
34652
9471
2774
28364
31076
34871
33018
28362
5302
27630
20178
23996
25721
35152
12829
33654
31783
36491
29860
16139
13504
3585
23197
37369
47157
34784
32786
48361
43860
32233
5443
6906
13598
33632
3837
22202
11101
40229
30907
37201
8627
39139
8607
7588
30473
24943
19129
45830
44733
36149
39810
13119
8231
18312
6720
40448
27132
4815
44202
47929
48677
14354
14158
26605
40195
23674
3502
36846
23328
29529
13491
11960
47205
20622
31456
36196
24132
31671
44868
45790
20247
1172
28706
27523
8874
41021
11040
32897
24237
11078
14577
42450
17974
4965
12052
19653
3157
13312
23263
25433
28123
44945
10533
305
24136
48636
47312
46937
1795
33429
37285
47172
33203
15000
1333
40316
19974
18882
44688
27572
25082
22299
3914
6836
37159
45359
35592
24363
9365
35385
24890
38624
14106
18030
16079
37010
41791
1032
27076
28254
26220
41438
8535
11010
21694
19225
27673
11729
28282
48545
26645
47961
47401
23421
47244
28856
10899
15679
47346
457
21728
17559
1125
45420
16627
22071
37746
33117
37101
48465
6098
16122
8431
46622
35795
18350
14613
5106
45013
45177
33766
40725
49017
30981
30870
11323
39825
2843
48987
10794
24742
41382
31754
25969
30915
23822
17343
8517
40673
4096
43610
32650
18775
17481
17379
11270
48458
40404
7511
8424
29195
14497
17959
43327
7035
28994
7735
12572
14408
17482
1072
28467
44097
22545
24401
34698
21683
41163
35702
15799
37117
48965
2629
10245
38321
9700
28444
8497
31270
11737
1884
37144
44281
25331
10297
43761
25568
15274
21467
11498
46453
12386
42582
11130
16483
12746
1716
29961
29571
44561
14823
32399
4382
17530
28684
4764
31483
24543
39418
11261
34400
43286
27714
15225
24615
16819
25980
31311
26418
4676
40027
7157
1456
24905
33923
18282
27082
24655
41872
8648
7778
17114
5087
47515
39382
47260
48998
39197
20540
31532
19552
17600
46786
25941
23571
8012
13458
2203
35636
38449
3159
30021
23140
24775
41073
4069
39205
24520
16275
36751
21357
46969
43082
35513
20647
40820
33069
19054
30268
29321
37999
10899
41660
16201
16953
43652
35057
1753
2141
17015
48248
26061
8618
42238
239
14077
35302
40154
17745
15792
36925
30791
2012
21102
23619
40493
44987
45162
35189
9769
14245
4495
24858
27254
44994
41545
23588
38391
8198
14576
44869
47334
3803
3057
13536
9321
13493
14769
13798
38723
41361
23308
18937
22684
38919
48517
34231
9175
24361
16304
17331
47937
20584
27810
29225
13876
3903
16944
19676
21309
14660
29462
696
29342
41961
46565
8276
8509
2334
25465
42633
20041
48088
27820
47189
5201
14802
15949
31175
19589
19672
15089
4389
47078
39995
25795
48282
47483
35324
24349
34782
40512
1595
19709
44419
45684
26974
48420
42245
17740
5834
40010
34228
46298
15999
30010
25906
16916
22342
44475
16552
46292
38442
28419
22641
22535
37335
33765
33370
2531
12095
43206
39442
38661
173
47251
33089
40248
33073
17596
25497
20464
14374
31131
11284
42540
29372
2724
41736
12426
28767
46543
37857
21050
35214
49403
39424
38159
46295
41920
5790
30271
14312
11474
40504
29373
382
40878
22102
25332
19521
25790
3360
43777
3439
3594
15137
519
12970
44403
24963
40600
46918
6674
14730
22212
36539
9256
47142
2988
16538
3952
45681
31465
29589
42114
24112
47078
38664
31306
7396
31906
20377
799
11394
35605
14539
23991
39331
13428
24243
41656
32644
41225
30105
29352
46160
17616
15773
7191
19199
11901
3850
38849
3011
14178
17792
25723
37084
15237
48686
21041
48339
3797
1458
30238
28283
19555
43331
41432
49388
30405
4133
12104
23894
265
16808
4529
29781
3443
24261
22365
16061
23984
46345
28084
5430
12837
22962
4159
30972
15620
21117
2034
24652
1856
39578
29740
6598
40909
26933
22791
25043
32185
25685
8757
4792
36946
24582
13896
17593
6969
22281
26537
12131
31845
42015
11546
49139
18555
12985
33631
4954
18137
5578
19985
28382
46796
2928
16979
31761
10008
15450
28609
48101
48242
47593
46909
7598
11845
14276
43952
1110
15089
37704
36038
43250
46270
38845
3823
890
19738
2561
16306
6112
25855
9740
44550
49079
3643
12871
33818
14506
9728
19189
7281
23941
15328
48775
36763
48313
39903
4482
4045
36259
5190
11788
19208
44841
12418
30731
43414
20212
19213
9907
49477
8631
3584
18487
18400
1761
9242
27109
13795
49342
10868
20332
614
10934
36991
15041
33596
42722
25546
39558
9847
32054
12702
26167
12421
33950
5456
7872
9809
17615
30872
22689
24640
19103
14298
38369
31452
35659
16245
27140
4074
45884
41825
37501
9649
32269
12795
41886
13925
6472
21362
22562
19036
7863
36092
1184
9439
19152
40559
11583
20562
44930
15017
20287
2157
29507
33681
17345
30921
20924
27714
1737
27313
12374
22830
13800
23194
18360
29388
18712
43674
26809
3281
16948
23808
45762
23529
8761
49578
47757
26695
44062
6678
18817
39509
48765
15530
41881
31463
19976
14040
38405
33630
19699
27041
19586
20672
25828
44363
505
39182
45095
19996
33973
23342
39220
28757
49699
44025
41426
3859
8985
39525
5456
44931
36785
30841
40152
10637
5544
777
4404
22715
31649
48850
34787
49545
13270
42009
29411
24877
22009
26447
34380
27374
35442
13800
30022
19421
26971
552
10
27417
48358
25333
26282
47071
21673
43291
26041
44852
31797
4817
1399
16391
12076
24226
17061
17084
2857
20871
5547
27550
33689
34402
9569
46978
29451
2952
14237
24862
47756
41165
22221
24360
39596
22615
47246
44343
4846
21678
46402
26413
44967
27893
41818
37409
6114
21688
44128
22649
28857
32731
46471
16965
29689
32488
40205
48185
37617
21102
25139
34102
17376
49364
38905
13327
16697
32605
44915
38519
48319
49375
13352
21671
24931
24625
3720
23670
40916
23328
27180
14783
36356
44327
48181
4023
36807
18771
18517
8959
11464
33614
28282
32602
7661
4048
30917
29535
48269
37534
25823
11058
10249
44219
41495
45892
640
31568
47004
49829
10985
41089
9517
43298
27879
9365
27437
29291
21598
42592
23709
41026
16348
23873
40018
26325
24941
28580
11087
21421
34227
7486
11686
11394
23371
11740
46402
8147
22169
42484
11374
32941
29932
1939
13139
14370
23418
28651
189
17724
44622
24518
45795
28718
45757
31040
22736
47731
40816
47068
3956
4093
27741
44907
36034
44768
47453
8068
15376
37384
12715
23279
13543
42672
43429
31648
12061
43025
19332
27461
40223
35364
46650
10201
21617
20941
16154
12033
27086
15370
44118
19041
40616
1927
25777
26877
34644
30385
8014
44615
29647
33945
30173
8993
23748
45807
42411
19018
